-0.41000393,0.00300175,-0.00000000,-0.00072808,0.11392035,-0.36701333,0.03952514,0.24699940,0.09984219,0.07086574,0.00031847,-0.04601890,0.30410734,-0.02717036,0.11110497,-0.17367709,-0.18213072,-0.23057885,-0.29971514,0.34166651,0.02030829,0.00792887,-0.38576145,0.00000000,0.00644509,-0.03363539,-0.07130240,-0.22152242,0.15351824,-0.25253946,-0.20884821,0.45655992,0.08002743,0.09892164,0.02507182,-0.20287789,0.27632043,0.00000000,-0.10209004,-0.30983052,-0.00008418,-0.03870115,0.00000000,-0.00745349,-0.22038375,-0.24934556,0.02569065,0.03764225,-0.27000664,0.08647252,-0.16748412,0.02872714,0.40491000,-0.28931895,-0.06740943,0.02082058,0.31526267,0.00001505,0.01400240,0.20426920,-0.43441590,-0.24394000,0.29981580,0.08437851
0.21915700,0.06688915,-0.00000000,-0.00008375,-0.44657267,0.21744082,0.17657804,-0.36426840,-0.11410867,-0.19943395,0.00000000,-0.00000004,-0.13735502,0.01142503,-0.26385502,-0.00462882,0.11724137,0.26488016,0.25688623,-0.20411704,-0.17310680,-0.00001105,0.27270076,-0.00000000,-0.00000000,-0.00576530,0.16898323,0.24039975,0.01579615,0.34687456,0.14686101,-0.45070492,-0.05409195,-0.30355989,-0.19671402,0.25835092,-0.29000542,0.00000000,0.17799246,0.40269284,-0.00000066,0.05008719,-0.00000000,-0.02404248,0.41518295,0.25135201,0.12161436,-0.20333891,0.16898380,-0.13781612,-0.00537369,-0.10564839,-0.26877739,0.29454192,-0.00682783,-0.09205297,-0.30368584,0.00000043,0.00000000,-0.03814794,0.43267855,0.27980372,-0.09867415,0.02775983
0.00000000,0.00000000,-0.00000000,0.00000000,0.00000000,0.00000000,0.00000000,-0.00000000,0.00000000,0.00000000,-0.00000000,0.00000000,-0.00000000,0.00000000,-0.00000000,-0.00000000,0.00000000,-0.00000000,-0.00000000,0.00000000,-0.00000000,0.00000000,-0.00000000,-0.00000000,-0.00000000,-0.00000000,-0.00000000,0.00000000,-0.00000000,0.00000000,-0.00000000,0.00000000,0.00000000,0.00000000,-0.00000000,-0.00000000,0.00000000,0.00000000,-0.00000000,0.00000000,0.00000000,-0.00000000,-0.00000000,-0.00000000,-0.00000000,-0.00000000,0.00000000,0.00000000,0.00000000,-0.00000000,-0.00000000,0.00000000,-0.00000000,-0.00000000,-0.00000000,-0.00000000,0.00000000,-0.00000000,-0.00000000,0.00000000,0.00000000,0.00000000,-0.00000000,0.00000000
0.00000000,0.00000000,0.00000000,0.00000000,0.00000000,-0.00000000,-0.00000000,-0.00000000,-0.00000000,0.00000000,-0.00000000,-0.00000000,0.00000000,-0.00000000,0.00000000,0.00000000,-0.00000000,0.00000000,-0.00000000,0.00000000,0.00000000,-0.00000000,0.00000000,0.00000000,0.00000000,0.00000000,-0.00000000,0.00000000,0.00000000,-0.00000000,-0.00000000,0.00000000,-0.00000000,0.00000000,0.00000000,0.00000000,0.00000000,-0.00000000,-0.00000000,-0.00000000,0.00000000,-0.00000000,0.00000000,-0.00000000,-0.00000000,0.00000000,-0.00000000,-0.00000000,0.00000000,-0.00000000,-0.00000000,0.00000000,0.00000000,0.00000000,-0.00000000,0.00000000,-0.00000000,0.00000000,-0.00000000,0.00000000,-0.00000000,-0.00000000,-0.00000000,0.00000000
0.00000000,-0.00000000,0.00000000,-0.00000000,0.00000000,0.00000000,-0.00000000,-0.00000000,0.00000000,0.00000000,0.00000000,0.00000000,0.00000000,0.00000000,-0.00000000,-0.00000000,-0.00000000,0.00000000,0.00000000,-0.00000000,-0.00000000,0.00000000,0.00000000,0.00000000,0.00000000,0.00000000,0.00000000,0.00000000,-0.00000000,-0.00000000,-0.00000000,0.00000000,0.00000000,0.00000000,-0.00000000,0.00000000,0.00000000,-0.00000000,-0.00000000,-0.00000000,0.00000000,-0.00000000,-0.00000000,-0.00000000,-0.00000000,0.00000000,-0.00000000,-0.00000000,-0.00000000,-0.00000000,0.00000000,0.00000000,0.00000000,-0.00000000,-0.00000000,0.00000000,-0.00000000,-0.00000000,-0.00000000,0.00000000,0.00000000,0.00000000,-0.00000000,0.00000000
0.16621323,0.06363419,0.00000000,-0.00048487,0.11145563,0.18041374,0.02124044,0.00932588,0.10856952,0.01797193,-0.00291331,-0.00000071,0.03838774,-0.14092604,0.01032475,0.10998231,0.10642337,0.08059379,0.18037186,-0.26206480,-0.02163937,-0.00690128,0.03047176,-0.00000000,-0.00158595,-0.02082387,0.01224150,0.17790379,0.04366251,0.09373821,0.14366465,-0.00238708,0.05009360,-0.01015009,0.05645164,-0.00884209,0.00161283,0.00000000,0.18722188,-0.11239008,-0.00071875,-0.00425608,0.00000000,-0.01247083,-0.05785092,0.05637176,0.09676726,0.32784921,-0.03079703,0.03271408,0.09014139,0.13668907,-0.03408627,0.06011046,-0.02634042,0.02650217,-0.03684081,-0.00000000,0.00000119,0.00729649,0.02618810,0.01606478,0.11725399,-0.03679272
0.12073388,-0.06287509,-0.00000000,-0.00194267,-0.11803810,0.18138531,0.19930054,-0.08525920,-0.09559294,0.06314428,0.00381478,0.06938830,0.01612718,0.05061876,0.10978423,-0.13150299,0.04981536,0.21388450,0.13769292,0.02718095,0.01885702,-0.04640073,0.08793188,0.00000000,-0.02570108,0.01141422,0.13156792,-0.03446748,0.04458797,0.00372464,0.07907014,-0.08592787,0.01533579,0.11707741,-0.05700409,0.17123103,0.17840539,-0.00000000,-0.01945010,0.20469992,0.00462887,-0.00143948,0.00000000,-0.01441337,0.20961438,-0.06764171,-0.00955544,0.02469989,-0.13031100,0.06159673,-0.05365608,0.17136578,-0.02309390,0.14177250,0.00102532,-0.08883037,-0.14965931,-0.00002849,-0.00948931,0.17330395,0.22745848,0.06776639,0.01539946,-0.15723083
-0.00000000,-0.00000000,-0.00000000,-0.00000000,-0.00000000,-0.00000000,0.00000000,-0.00000000,-0.00000000,0.00000000,0.00000000,0.00000000,-0.00000000,-0.00000000,0.00000000,-0.00000000,0.00000000,0.00000000,-0.00000000,0.00000000,0.00000000,-0.00000000,-0.00000000,0.00000000,0.00000000,-0.00000000,-0.00000000,0.00000000,0.00000000,-0.00000000,0.00000000,-0.00000000,0.00000000,0.00000000,-0.00000000,0.00000000,0.00000000,0.00000000,-0.00000000,0.00000000,-0.00000000,0.00000000,0.00000000,0.00000000,0.00000000,0.00000000,0.00000000,0.00000000,-0.00000000,0.00000000,0.00000000,-0.00000000,0.00000000,-0.00000000,0.00000000,-0.00000000,0.00000000,0.00000000,-0.00000000,-0.00000000,-0.00000000,-0.00000000,-0.00000000,-0.00000000
-0.36069063,0.32661362,-0.00000000,-0.00219660,-0.40488970,-0.26378798,0.32858456,0.44109812,0.31093197,0.30770391,0.00000073,0.02384386,0.47359965,-0.12512037,0.58437799,0.15670322,-0.10854129,0.04228184,-0.45930420,0.16161185,0.50105464,0.00105042,-0.38905994,-0.00000000,-0.00096221,-0.01236011,-0.36241036,-0.24994900,0.23474351,-0.37676310,-0.33647720,0.48299073,0.10744553,-0.32889302,-0.37161593,-0.26613199,0.48500024,-0.00000000,0.19935395,-0.51604180,-0.00011841,-0.01573881,0.00000000,0.00088564,-0.47988405,-0.52471642,-0.23350369,-0.09279640,-0.37537523,0.05494622,-0.08044048,0.43941298,0.47989457,-0.36146748,-0.02665599,-0.03334454,-0.13898504,-0.00000000,-0.00000000,0.42005422,-0.40585272,-0.22609119,0.52036639,-0.18208575
0.04099949,-0.12003037,-0.00000000,-0.00056608,0.03889337,0.05838081,0.17202574,-0.13386772,0.18896155,-0.07013524,0.00768695,-0.06113263,-0.14422939,0.16653554,-0.10801362,0.04800164,0.07249177,0.02794376,0.06459930,0.07750894,-0.17309450,0.04003729,0.20572510,0.00000000,-0.11102146,0.01824084,0.02894405,0.03776758,-0.11956649,0.07297964,-0.03633707,-0.00842817,0.11219623,-0.05512777,0.01752548,0.23554004,0.04142735,-0.00000000,-0.00363648,0.14017639,-0.01160510,0.00665008,0.00000000,-0.02275952,0.21440035,-0.00437805,0.09779714,0.11539605,0.10588692,-0.06766573,0.09683156,-0.06744367,-0.09795429,0.22848796,-0.12377194,-0.14504088,0.16786861,-0.00329142,0.01661271,-0.04447253,0.05659956,-0.00307616,-0.05633318,0.18910173
0.07722845,0.07162853,-0.00000000,-0.00026071,-0.03316807,0.04548309,0.19350577,-0.07842681,0.07637212,0.19274486,-0.01581386,0.09798955,-0.09643831,0.07363100,0.19642160,0.08117639,0.01666866,-0.13351740,0.13893502,0.00794818,-0.13678747,0.02897109,-0.00901442,0.00000000,-0.08812121,-0.01271306,0.01736717,0.06605798,0.05081589,0.10033629,0.10240315,0.07833850,-0.12712804,0.05872614,-0.04461138,0.01055498,0.11573463,0.00000000,0.19540377,-0.13011689,-0.00123189,0.07438797,0.00000000,-0.00299772,-0.13373305,-0.06477551,-0.07216748,-0.07664192,0.02141875,-0.02463453,-0.15712091,-0.02747200,0.09904343,0.07051519,0.00646107,0.05824303,-0.04836198,0.00000000,-0.01295910,0.16846166,0.19966035,0.01473891,-0.07731320,-0.07114375
0.09250765,-0.04226878,-0.00000000,-0.00260070,-0.02408183,0.36267909,0.12446784,-0.08403313,-0.12536613,0.01143053,0.00000052,0.03133140,-0.13350503,0.22157171,-0.09264071,0.11171939,0.26407335,0.01585887,0.04563362,-0.03927416,-0.11308836,0.07377991,0.17420581,0.00000000,-0.00168657,-0.11651286,0.13150454,0.34512265,-0.15729019,0.21192329,0.18208115,-0.18633461,-0.18439805,0.19496315,-0.01485839,0.04244743,-0.27519605,0.00000000,0.06799359,0.20967372,-0.00055965,0.00610803,-0.00000000,-0.00674494,0.15763053,0.12803784,0.21726881,0.01643957,0.07406025,0.10045582,0.21370823,0.08855108,-0.14934192,0.19862235,-0.08228653,0.08898032,-0.16330292,-0.00000128,-0.00827401,-0.07598929,0.31039769,0.36940999,-0.15769410,0.03526804
0.27023254,-0.25481189,0.00000000,-0.00007266,-0.19103648,0.41610070,0.02074046,-0.23170472,-0.30356933,-0.29914464,-0.00000000,-0.00001326,-0.39099151,-0.05756576,-0.39161162,0.04038602,0.15448984,0.27450758,0.46941918,-0.28657660,-0.24901895,-0.00002307,0.43029339,-0.00000000,-0.00000000,-0.01732337,0.17563401,0.56715553,-0.02560539,0.43059331,0.26336137,-0.38880343,-0.01685883,-0.23184067,-0.31996982,0.36831820,-0.41682023,-0.00000000,-0.15303569,0.49547890,0.00000000,0.02816308,0.00000000,-0.00864676,0.40132782,0.31473805,0.18027765,-0.23219797,0.37156716,-0.07670894,0.21027034,-0.27101865,-0.37719121,0.19771824,-0.02595094,-0.07308667,-0.18320058,0.00000010,-0.00000000,-0.05047487,0.33197297,0.50624585,-0.33761135,0.12392376
-0.27453791,0.02448084,0.00000000,-0.00794282,0.28969322,-0.21165745,-0.06166571,0.31553255,-0.11842552,0.18112154,0.00000000,0.04010645,0.02292239,0.20194066,0.23144327,-0.14333802,-0.20363514,-0.15187021,0.01005110,0.16018129,0.09436508,-0.09254646,-0.29005551,0.00000000,0.00938694,-0.02235110,0.15136209,-0.20926410,-0.14160081,-0.15801209,-0.01592210,0.44746205,0.18670606,0.04393119,0.03508368,-0.13564545,0.28177685,0.00000000,0.08557888,-0.29727643,-0.00060337,-0.04120936,-0.00000000,-0.00353025,-0.43299869,-0.40868191,0.16445065,-0.03070974,-0.30712070,0.03586675,-0.00101085,0.11744634,0.42232973,-0.17387201,0.02135475,0.00517406,0.12054830,-0.00007710,-0.00000002,0.09495762,-0.20837492,-0.31892380,0.15023083,0.02634227
0.00000000,-0.00000000,-0.00000000,0.00000000,0.00000000,-0.00000000,0.00000000,0.00000000,-0.00000000,0.00000000,-0.00000000,-0.00000000,-0.00000000,-0.00000000,0.00000000,0.00000000,-0.00000000,-0.00000000,0.00000000,-0.00000000,-0.00000000,-0.00000000,-0.00000000,0.00000000,-0.00000000,0.00000000,-0.00000000,-0.00000000,-0.00000000,-0.00000000,-0.00000000,-0.00000000,-0.00000000,-0.00000000,-0.00000000,-0.00000000,-0.00000000,-0.00000000,-0.00000000,-0.00000000,0.00000000,-0.00000000,-0.00000000,0.00000000,-0.00000000,0.00000000,0.00000000,-0.00000000,-0.00000000,-0.00000000,-0.00000000,-0.00000000,-0.00000000,-0.00000000,-0.00000000,-0.00000000,0.00000000,-0.00000000,0.00000000,-0.00000000,0.00000000,0.00000000,0.00000000,-0.00000000
-0.00000000,-0.00000000,-0.00000000,-0.00000000,0.00000000,-0.00000000,0.00000000,0.00000000,0.00000000,0.00000000,-0.00000000,0.00000000,-0.00000000,0.00000000,-0.00000000,0.00000000,-0.00000000,-0.00000000,-0.00000000,-0.00000000,0.00000000,-0.00000000,0.00000000,-0.00000000,0.00000000,-0.00000000,-0.00000000,0.00000000,-0.00000000,-0.00000000,-0.00000000,0.00000000,-0.00000000,-0.00000000,-0.00000000,-0.00000000,-0.00000000,0.00000000,-0.00000000,0.00000000,-0.00000000,-0.00000000,0.00000000,-0.00000000,0.00000000,-0.00000000,-0.00000000,0.00000000,-0.00000000,-0.00000000,0.00000000,0.00000000,0.00000000,-0.00000000,0.00000000,0.00000000,-0.00000000,-0.00000000,0.00000000,-0.00000000,0.00000000,0.00000000,0.00000000,0.00000000
-0.00000000,-0.00000000,0.00000000,-0.00000000,-0.00000000,0.00000000,0.00000000,0.00000000,0.00000000,-0.00000000,0.00000000,-0.00000000,0.00000000,-0.00000000,0.00000000,-0.00000000,-0.00000000,0.00000000,0.00000000,0.00000000,-0.00000000,-0.00000000,-0.00000000,-0.00000000,-0.00000000,0.00000000,-0.00000000,-0.00000000,-0.00000000,0.00000000,-0.00000000,0.00000000,-0.00000000,0.00000000,-0.00000000,-0.00000000,-0.00000000,-0.00000000,-0.00000000,-0.00000000,0.00000000,-0.00000000,-0.00000000,0.00000000,0.00000000,0.00000000,-0.00000000,-0.00000000,-0.00000000,-0.00000000,0.00000000,-0.00000000,0.00000000,-0.00000000,-0.00000000,0.00000000,0.00000000,-0.00000000,0.00000000,-0.00000000,-0.00000000,0.00000000,0.00000000,0.00000000
0.13191435,0.27391338,-0.00000000,-0.00147871,-0.15555417,0.17787351,0.23438911,0.12382986,0.02029762,0.09448049,0.00000000,-0.00073358,0.08590194,-0.14035957,0.21140331,0.32321511,0.31326713,0.28246451,0.16172960,-0.30072727,0.03911879,-0.00044160,0.22170751,-0.00000000,-0.00000000,-0.02108833,-0.21135126,0.13970523,0.08176774,-0.07695458,-0.12638159,-0.17344080,-0.03408810,-0.28223543,-0.26117717,-0.16084859,0.20134904,-0.00000000,0.24898769,0.16821436,-0.00035172,-0.00087475,-0.00000000,-0.00711928,0.02985661,0.09585267,-0.06489984,0.02036507,0.10022475,0.08194476,-0.04682472,0.25496584,-0.02727908,0.20621477,-0.03926418,-0.02262595,-0.10638278,0.00000016,-0.00000000,0.18668980,0.20224204,0.01485702,0.16172415,-0.14134392
0.00000000,0.00000000,-0.00000000,-0.00000000,0.00000000,-0.00000000,-0.00000000,0.00000000,-0.00000000,0.00000000,-0.00000000,-0.00000000,-0.00000000,-0.00000000,-0.00000000,0.00000000,-0.00000000,-0.00000000,0.00000000,-0.00000000,-0.00000000,-0.00000000,0.00000000,-0.00000000,-0.00000000,0.00000000,-0.00000000,-0.00000000,0.00000000,0.00000000,-0.00000000,0.00000000,0.00000000,0.00000000,-0.00000000,0.00000000,-0.00000000,-0.00000000,0.00000000,0.00000000,0.00000000,-0.00000000,-0.00000000,-0.00000000,-0.00000000,-0.00000000,0.00000000,0.00000000,0.00000000,-0.00000000,-0.00000000,-0.00000000,-0.00000000,0.00000000,0.00000000,0.00000000,0.00000000,-0.00000000,-0.00000000,-0.00000000,-0.00000000,-0.00000000,-0.00000000,0.00000000
-0.11009147,0.11472243,0.00000000,-0.00637727,0.04777836,-0.10104958,0.10506678,-0.06458097,0.05722790,0.03904212,-0.00498925,-0.00426330,0.21906185,-0.03475359,0.09772519,0.06293125,0.27172787,0.19175496,-0.10197529,0.09047546,0.06453988,0.07506101,0.10171560,0.00000000,0.04863186,-0.07326955,-0.12376769,-0.07775258,0.17776150,-0.13946619,-0.20825708,0.07515498,-0.21576512,-0.15808656,-0.11601586,-0.08092252,0.08028238,-0.00000000,0.28375779,0.08029478,-0.00291925,-0.00718324,-0.00000000,-0.01065793,-0.12277663,-0.10550421,0.04888324,-0.07074335,-0.08869948,0.15886851,0.01400134,0.04393057,0.07972947,-0.16393883,0.03236336,0.00616041,0.07062442,0.00019821,0.04118283,0.25367878,0.04169101,-0.07806409,0.08699330,-0.16587680
0.21680250,0.00021694,-0.00000000,-0.00000000,-0.03780833,0.06106950,0.00852032,0.03945125,0.01766906,0.01089578,0.00000000,-0.00000000,0.07226362,-0.02263775,0.00324579,0.02744915,0.06351723,0.09837473,-0.00406281,-0.05846198,0.01875505,0.00000008,0.08135507,0.00000000,0.00000000,0.00000000,0.05617008,0.00662151,0.00628736,-0.00848921,0.00338467,-0.00097995,-0.09230274,-0.09344064,-0.11070993,-0.03108333,0.02561020,-0.00000000,0.02821298,0.07735832,-0.00000000,0.02013576,0.00000000,0.00000000,0.13150097,0.11943122,-0.00378200,0.05503179,0.16266464,0.06627650,0.02543791,-0.01060394,0.02287374,0.11399513,-0.00000000,-0.17820815,-0.01303712,0.00000000,-0.00000000,0.05743805,0.02180384,0.04732243,0.03722945,0.01327664
0.22867942,0.04992192,0.00000000,-0.00000506,-0.51869824,0.21009513,0.01814867,-0.12874684,-0.20299907,-0.12154609,0.00000000,-0.00001636,-0.07633112,0.12760253,-0.23481240,0.22781840,0.21056012,0.18483254,0.22054048,-0.07156267,-0.21601807,-0.00006344,0.26494473,-0.00000000,0.00000000,-0.01000298,0.08292843,0.21408788,-0.01768863,0.11788203,0.13230844,-0.05049146,0.03230846,-0.27287977,-0.48545408,-0.02423330,-0.20485522,-0.00000000,0.04134743,0.12521501,0.00000005,0.01681350,-0.00000000,-0.01918383,0.13768334,0.13861588,-0.09104651,-0.29768516,0.37396134,0.10259758,-0.02661440,-0.03670200,-0.16239373,0.29354719,-0.01774012,-0.12846330,0.01132019,-0.00000016,0.00000000,0.01682787,0.22313203,0.11752674,-0.16078275,0.01444792
-0.17206862,0.17483173,0.00000000,-0.01199879,0.02660366,0.08302382,0.19327045,0.06777959,-0.06420901,0.17169699,0.00937351,-0.08960159,0.22427568,-0.15441261,0.24377664,0.18637676,0.13391176,0.20377456,0.05765746,-0.07855056,0.05313686,-0.15378482,-0.06553295,-0.00000000,-0.04464179,-0.06828264,0.01422386,0.12133566,-0.09773996,-0.06273736,-0.11833847,0.11831506,-0.15562018,0.05658785,-0.08722261,-0.12732060,0.23878986,-0.00000000,0.05560420,-0.19006799,-0.00324585,-0.01138654,-0.00000000,-0.01393142,-0.05737928,0.04081090,0.05670813,0.01679592,-0.00839299,-0.07403285,-0.08361693,-0.05735264,0.04704889,-0.10305269,-0.02777815,0.01714883,0.17053690,-0.00108934,0.01202561,0.18692919,0.04684342,-0.09374166,0.03277507,-0.09091766
-0.21577344,0.10322608,0.00000000,-0.00000005,0.26818244,-0.09369099,0.04577693,0.28075789,-0.04515692,0.03439472,0.00000000,-0.00018074,0.25535731,-0.10158451,0.11523305,0.00195323,-0.07650143,-0.21888475,-0.15606024,0.37180540,0.11963984,-0.00000000,-0.24537123,0.00000000,0.00000000,-0.00000011,0.10383342,-0.07952808,0.09954981,-0.00160314,-0.06240641,0.34422337,0.20989948,0.24320639,0.25129605,-0.08045309,0.18486052,-0.00000000,0.06721299,-0.15159790,0.00000000,-0.01733869,-0.00000000,-0.01388845,-0.18517598,-0.28353035,-0.08791924,0.12561648,-0.17612751,0.14322989,-0.02718267,0.09198993,0.34277950,-0.26020809,-0.01198456,-0.03583863,0.11908289,-0.00000000,0.00000000,0.13569986,-0.05175479,0.10890826,0.12033862,0.14173954
0.00000000,0.00000000,0.00000000,-0.00000000,0.00000000,0.00000000,0.00000000,-0.00000000,-0.00000000,0.00000000,-0.00000000,0.00000000,0.00000000,-0.00000000,0.00000000,-0.00000000,-0.00000000,-0.00000000,0.00000000,0.00000000,-0.00000000,-0.00000000,-0.00000000,-0.00000000,0.00000000,-0.00000000,0.00000000,0.00000000,0.00000000,0.00000000,-0.00000000,0.00000000,0.00000000,-0.00000000,0.00000000,0.00000000,-0.00000000,-0.00000000,-0.00000000,0.00000000,-0.00000000,-0.00000000,0.00000000,0.00000000,0.00000000,-0.00000000,-0.00000000,-0.00000000,-0.00000000,-0.00000000,0.00000000,0.00000000,-0.00000000,-0.00000000,0.00000000,0.00000000,-0.00000000,-0.00000000,0.00000000,-0.00000000,-0.00000000,-0.00000000,0.00000000,-0.00000000
-0.37292995,0.02648172,-0.00000000,-0.00438700,0.22553353,-0.07911365,0.02994353,0.32705467,0.23208265,0.01115579,-0.01356222,0.03973183,0.17525111,0.11349460,0.24948511,0.05938954,0.14481554,-0.02656339,-0.24547517,0.23518727,0.04612724,0.04398842,-0.04037784,-0.00000000,0.01690079,-0.03583533,-0.07449250,-0.16148477,0.11312930,-0.01713417,-0.00943954,0.06919328,0.02226611,0.21280510,0.10292540,-0.07642190,0.26372688,-0.00000000,0.03017441,-0.02401426,-0.00389573,-0.02241848,0.00000000,-0.00525607,-0.01652848,-0.24556060,0.02425918,0.25340888,-0.09270439,0.23252018,-0.09942211,0.15421556,0.14608140,-0.23661704,0.05580784,-0.01808560,0.10553553,-0.00000000,0.00417008,0.24239887,-0.24998235,-0.08548147,0.28718909,-0.03731350
-0.00071530,-0.24307392,-0.00000000,-0.00003545,0.18875203,0.26037698,0.06831764,-0.52473293,-0.08481120,-0.42368690,-0.00162843,-0.00000185,-0.11836323,0.05602832,-0.28489243,0.01288073,0.07108306,0.01833710,0.26570616,-0.30285155,-0.73149331,-0.03896510,0.19912766,0.00000000,-0.02951988,-0.00000011,0.16863700,0.38273553,-0.38778528,0.34209844,0.38744363,-0.15505842,-0.07367467,-0.01174810,0.15895235,0.32967119,-0.17823383,0.00000000,-0.03955711,0.03543518,0.00021388,0.03452328,0.00000000,-0.00379177,0.03304203,0.25377312,0.06476923,-0.04329483,0.24458759,-0.37970645,0.33292771,-0.50455053,-0.41008807,0.00702027,-0.00085099,0.16772252,-0.24976559,0.00000000,0.00000982,-0.03883993,0.10948989,0.12338100,-0.40953621,-0.16376875
-0.00606200,0.00087403,-0.00000000,0.00000000,0.00173615,-0.00000000,-0.00032572,0.00000000,0.01371931,0.00000000,-0.00000000,-0.00691361,-0.02055463,-0.02023097,-0.00595183,-0.00179958,0.00000000,0.00000000,0.01194299,0.00034718,0.03023068,-0.00001185,-0.01863563,-0.00000000,-0.00000000,-0.00017865,-0.00463616,-0.00077247,-0.00001018,-0.00000000,-0.00000000,0.00109297,-0.00000000,-0.01011496,-0.00052855,-0.00465421,-0.00000000,0.00000000,0.00225071,-0.00767495,0.00000000,0.00000000,-0.00000000,0.00000000,-0.00000000,-0.00000000,0.00019720,-0.01136525,0.00030002,-0.02691904,-0.01020608,0.00347525,0.00000000,-0.03960633,-0.00000000,-0.00001780,0.00002784,-0.00000000,-0.00000000,0.00030399,-0.00174163,0.00137840,0.00000000,0.00000000
0.18539072,0.00078893,0.00000000,-0.00006878,-0.26651869,0.22699562,-0.01660980,-0.04723514,-0.12709670,0.09535986,-0.00006358,0.09908057,0.12852114,0.19904604,-0.08506090,-0.10728195,0.03044729,0.00386367,-0.01486052,0.08224373,-0.05162583,0.07114581,-0.04961872,-0.00000000,0.05141532,0.02412933,0.20503887,0.21255485,0.10720557,0.05055562,0.08976618,-0.16363387,-0.13741220,-0.19924650,-0.27263068,0.01388191,-0.15083593,-0.00000000,0.14041363,-0.09165041,-0.00032144,0.03263041,-0.00000000,-0.01816039,0.12586154,0.13842695,-0.11226444,0.02740831,0.18630123,0.12314101,0.14562808,-0.11290553,0.05964397,0.01433960,-0.00564231,-0.17411028,0.20380484,-0.00000002,-0.00188280,0.00608865,0.23811162,0.16653525,-0.09254390,-0.00139086
-0.10003115,0.18922782,-0.00000000,-0.00424008,0.24427165,-0.13211889,0.01154698,0.19327938,-0.11478725,0.14024733,-0.00000002,-0.05890794,-0.00245777,-0.08202684,0.09550957,-0.12047899,-0.15084803,0.00933291,-0.02101278,0.33415723,0.05314439,0.08563716,0.01356495,0.00000000,0.00941631,-0.01259149,0.22383251,-0.20053750,-0.09955965,-0.04590509,-0.10436484,0.42954733,0.16029597,0.14428157,0.17540679,0.00004070,-0.09791966,-0.00000000,0.07130769,-0.20865821,-0.00065693,-0.03317417,-0.00000000,-0.00824607,-0.19172628,-0.06995771,0.15893754,-0.24140781,-0.11998830,0.09850457,-0.02871001,-0.11325962,0.37597227,-0.15112256,0.08601394,-0.08688145,0.23301866,-0.00021729,-0.00216173,0.00397040,-0.13137488,-0.18885369,0.03149429,0.13734033
-0.13332670,-0.05640949,0.00000000,-0.00373269,0.06760824,-0.09224443,-0.22727411,0.19180151,-0.36104777,-0.12526399,0.00000000,-0.00152069,-0.14135970,0.27926237,-0.01963967,0.01222116,-0.07909855,-0.05984037,0.13278361,0.19360939,0.01741911,0.00050973,-0.35971543,0.00000000,0.00000000,-0.01163052,0.17025797,-0.11161948,-0.24132109,0.03525315,0.21471027,0.26297845,0.14415143,0.32383929,0.32865727,0.09449220,0.09163213,0.00000000,0.04249193,-0.30931492,-0.00008409,-0.05921146,0.00000000,-0.00293639,-0.28791599,-0.26854084,0.28394855,-0.26773706,-0.19132820,0.03647069,0.14625180,-0.12665511,0.38092889,-0.34422617,-0.00731985,0.02049926,0.23606844,-0.00004614,-0.00000000,-0.22251603,-0.06904068,-0.02964334,-0.09666360,0.11781853
-0.14077267,0.05287884,0.00000000,-0.00429780,0.15804750,-0.14020233,-0.00054882,0.19932704,0.13259320,0.08694123,0.00169385,0.03339951,0.03539058,-0.09055751,0.19997543,-0.06642657,-0.20104158,0.08627170,-0.21806771,0.35712179,0.20962774,0.03092028,-0.30945539,0.00000000,-0.00347799,-0.01698819,-0.07098802,-0.20934528,-0.07807238,-0.18386163,0.04997170,0.11249453,-0.08091413,0.16523964,0.28429788,-0.12071809,0.01053986,0.00000000,0.17142840,-0.07685696,-0.00213943,-0.02188636,0.00000000,-0.01044542,-0.11080065,-0.08071186,0.13487282,-0.01050616,-0.40618944,0.09337398,0.07081136,0.16318172,0.19391306,-0.29547886,-0.01296979,-0.01517886,0.24493896,-0.00000036,0.00253849,0.07446532,-0.01634603,-0.16784619,0.26327187,0.06666841
-0.00000000,0.00000000,-0.00000000,-0.00000000,0.00000000,-0.00000000,-0.00000000,-0.00000000,-0.00000000,-0.00000000,-0.00000000,0.00000000,0.00000000,0.00000000,-0.00000000,-0.00000000,0.00000000,-0.00000000,0.00000000,-0.00000000,0.00000000,-0.00000000,0.00000000,-0.00000000,-0.00000000,-0.00000000,-0.00000000,0.00000000,0.00000000,0.00000000,0.00000000,-0.00000000,-0.00000000,0.00000000,0.00000000,0.00000000,0.00000000,-0.00000000,-0.00000000,0.00000000,0.00000000,0.00000000,-0.00000000,-0.00000000,0.00000000,0.00000000,0.00000000,-0.00000000,0.00000000,0.00000000,0.00000000,-0.00000000,0.00000000,0.00000000,-0.00000000,-0.00000000,-0.00000000,0.00000000,-0.00000000,0.00000000,-0.00000000,0.00000000,-0.00000000,0.00000000
-0.02571597,-0.04623969,0.00000000,-0.00528529,0.24623714,0.10865457,0.12061542,-0.17351811,-0.18622883,-0.23793324,-0.00000000,-0.00407058,-0.19511891,0.04075533,-0.14290046,-0.14361965,0.05501351,-0.04832538,0.33415388,-0.03476586,-0.21543578,-0.01274838,0.09667154,-0.00000000,-0.00000000,-0.01869606,0.23771413,0.16784663,-0.23744503,0.26866490,0.09471747,0.17335792,-0.07079326,0.09178272,0.06953662,0.31397118,-0.32354127,-0.00000000,-0.16846597,0.13991092,0.00000000,-0.01563389,0.00000000,0.00088489,0.03750693,0.10090899,0.19348377,-0.33775338,-0.12280608,0.08470424,0.16357551,-0.25414182,0.03686636,0.05830805,-0.02297304,0.01873652,0.25631971,0.00025657,-0.00000000,0.02642312,0.06400397,0.26651198,-0.10182491,0.03191663
0.13979771,0.03922666,-0.00000000,-0.00054904,-0.17308624,0.12001496,0.22169084,-0.02632045,-0.09885132,0.03096621,0.00192679,0.00011525,0.12377921,0.04447180,-0.08194028,0.18403513,0.24301470,-0.00984799,-0.06143633,0.05495281,0.12595803,0.00863490,0.20745193,0.00000000,-0.00037535,-0.01577123,-0.14883994,0.19337685,0.03063316,0.10022829,0.05171665,-0.09117822,0.03859978,-0.22175435,-0.27350690,-0.03819947,0.18785193,-0.00000000,-0.03292127,0.11199420,-0.00091219,0.00247177,-0.00000000,-0.00942184,-0.00897818,0.07847446,0.13737329,0.06873907,0.14129395,0.03619764,-0.00215877,0.02382640,-0.07005494,0.08807604,-0.02481564,0.00302792,0.06330874,0.00000001,0.00000053,0.15106292,0.00403645,0.23872906,-0.08678829,-0.30357029
-0.01610078,-0.00232625,0.00000000,0.00000000,0.02513288,-0.01895046,-0.01316225,0.01321159,0.01035262,-0.00143817,0.00000000,0.00000000,0.00920211,0.01423313,0.00751259,-0.00968526,-0.01981552,-0.02370484,-0.00867253,0.01852557,0.00666343,-0.00000000,-0.01900007,-0.00000000,0.00000000,0.00000000,0.00712547,-0.01567349,-0.00634348,-0.00485008,0.00148054,0.02423766,-0.00000000,0.02420575,0.02052385,-0.00108788,0.00676737,-0.00000000,-0.01211463,-0.02148674,0.00000000,0.00000000,0.00000000,-0.00000000,-0.01698897,-0.02144649,0.00459252,0.00482585,-0.01318657,-0.00000000,0.00892977,-0.00270352,0.02237124,-0.02426532,-0.00000000,-0.00000000,0.01835698,-0.00000000,0.00000000,-0.00497825,-0.01727547,-0.01469711,0.00709289,0.00000000
0.09057374,0.18253920,0.00000000,0.00029763,-0.45044113,-0.16953034,0.23940227,0.07092775,0.31534537,0.15012135,-0.00072894,-0.00008879,0.27347208,-0.20210779,0.04976761,0.15239780,0.04871065,0.07642137,-0.03243518,-0.09014118,0.19008369,-0.01013021,0.07360849,0.00000000,0.00000000,-0.01557285,-0.00206948,-0.09582952,0.14159646,-0.01312547,-0.08326935,-0.21677566,0.11393064,-0.46385287,-0.24949392,0.00025704,0.35731065,-0.00000000,0.19364726,-0.01210172,-0.00083700,0.01650911,-0.00000000,-0.01271492,-0.06638003,0.02426992,-0.06445008,0.30302831,0.21870064,0.03987295,0.03927746,0.28891403,0.02460071,-0.07517905,-0.03974020,-0.08387286,-0.07400252,0.00000008,0.00043020,0.17845291,-0.14855170,0.05593940,0.14528785,-0.10541954
-0.20283953,0.25190603,-0.00000000,-0.01063680,-0.17120434,0.05439032,0.19465923,0.08632511,0.17770141,0.12762725,0.00176861,0.10397527,0.01631221,-0.05714438,0.22353711,0.18349725,0.21684164,0.17634442,-0.16135877,0.16837676,0.04523170,0.13072548,-0.06171545,0.00000000,-0.00175771,-0.07811818,-0.16623099,0.12754856,0.16398246,-0.16193675,0.05369128,0.12059294,-0.05434756,-0.07478861,0.13362947,0.04289344,0.10718451,-0.00000000,-0.07047585,-0.05430365,-0.00691234,-0.01406637,-0.00000000,-0.00809523,-0.08334836,-0.14392222,0.01267977,0.14548464,-0.00580323,0.16429761,0.00586055,0.14934342,0.03751940,-0.10663211,-0.06605775,0.00061805,0.18049394,0.00030209,-0.04739773,-0.04065986,-0.03158256,-0.09159466,0.12286956,-0.08579927
0.00000000,-0.00000000,0.00000000,0.00000000,0.00000000,0.00000000,-0.00000000,-0.00000000,0.00000000,0.00000000,-0.00000000,-0.00000000,0.00000000,0.00000000,0.00000000,-0.00000000,-0.00000000,0.00000000,-0.00000000,-0.00000000,0.00000000,0.00000000,-0.00000000,-0.00000000,0.00000000,-0.00000000,-0.00000000,0.00000000,0.00000000,-0.00000000,0.00000000,-0.00000000,-0.00000000,-0.00000000,-0.00000000,0.00000000,0.00000000,0.00000000,-0.00000000,0.00000000,0.00000000,0.00000000,0.00000000,-0.00000000,0.00000000,-0.00000000,0.00000000,-0.00000000,-0.00000000,-0.00000000,0.00000000,0.00000000,-0.00000000,0.00000000,0.00000000,-0.00000000,0.00000000,0.00000000,0.00000000,-0.00000000,-0.00000000,0.00000000,-0.00000000,0.00000000
0.44854884,-0.05348044,0.00000000,0.00010110,0.15094590,0.06182945,0.19602254,-0.19263425,0.29146157,-0.01929075,-0.00001076,0.00000000,-0.19610534,-0.01894194,-0.21649289,0.24393014,0.02556331,0.18055348,0.19456899,-0.28456605,-0.03790346,-0.03594205,0.17697236,0.00000000,0.01879375,-0.01235145,0.20519461,-0.01454809,-0.01795645,0.02837899,-0.03225197,-0.34141158,-0.21404704,-0.11373974,-0.02849670,0.15907780,-0.03799727,0.00000000,0.02580148,0.15448266,-0.00004855,0.00931202,-0.00000000,-0.01261846,0.35295925,0.23303016,-0.01723535,0.16356620,0.34568704,-0.07405189,-0.03885824,-0.10438355,-0.26583255,0.31076226,-0.00333169,0.07090010,-0.20154186,-0.00000000,0.00000338,0.14174013,0.12412716,0.00556662,-0.09039608,0.03512350
0.00000005,-0.00000000,-0.00000000,0.00000000,-0.00000301,0.00000043,-0.00000000,0.00000000,-0.00000000,-0.00000000,0.00000000,-0.00000000,-0.00000000,-0.00000000,-0.00000000,0.00000000,0.00000000,0.00000068,0.00000000,0.00000000,0.00000000,0.00000000,-0.00000000,0.00000000,-0.00000000,-0.00000000,0.00000000,0.00000000,-0.00000000,0.00000000,0.00000000,0.00000004,-0.00000000,-0.00000089,-0.00000000,-0.00000000,0.00000000,-0.00000000,0.00000000,0.00000001,0.00000000,-0.00000000,-0.00000000,-0.00000000,0.00000000,0.00000000,0.00000000,-0.00000000,-0.00000000,0.00000000,-0.00000000,0.00000000,-0.00000000,0.00000966,-0.00000000,-0.00000000,0.00000000,0.00000000,-0.00000000,-0.00000000,-0.00000000,0.00000000,0.00000000,0.00000000
0.00004706,0.00000045,0.00000000,0.00000000,-0.00007211,0.00005546,0.00001609,-0.00000000,0.00000000,0.00000000,-0.00000000,0.00000000,0.00000000,-0.00000492,-0.00000000,0.00000003,0.00000716,0.00007486,0.00000000,-0.00000446,0.00000000,-0.00000000,0.00000936,-0.00000000,-0.00000000,-0.00000000,-0.00000049,0.00000147,0.00000001,0.00000000,-0.00000008,-0.00004088,-0.00000000,-0.00017702,-0.00001237,-0.00000000,-0.00000000,-0.00000000,0.00000312,0.00002098,0.00000000,-0.00000000,0.00000000,-0.00000000,0.00000718,0.00008317,-0.00000000,0.00000000,0.00000044,-0.00000000,-0.00000016,0.00000001,-0.00003284,0.00016173,0.00000000,0.00000000,-0.00001190,-0.00000000,0.00000000,0.00000000,0.00000359,0.00000003,-0.00000000,0.00000000
-0.00000000,0.00000000,0.00000000,0.00000000,0.00000000,-0.00000000,0.00000000,-0.00000000,0.00000000,0.00000000,-0.00000000,-0.00000000,-0.00000000,-0.00000000,-0.00000000,-0.00000000,0.00000000,-0.00000000,-0.00000000,0.00000000,-0.00000000,0.00000000,0.00000000,0.00000000,-0.00000000,-0.00000000,0.00000000,-0.00000000,-0.00000000,0.00000000,0.00000000,0.00000000,0.00000000,-0.00000000,0.00000000,-0.00000000,-0.00000000,0.00000000,-0.00000000,-0.00000000,-0.00000000,-0.00000000,0.00000000,-0.00000000,0.00000000,-0.00000000,-0.00000000,0.00000000,-0.00000000,0.00000000,-0.00000000,0.00000000,0.00000000,-0.00000000,-0.00000000,-0.00000000,-0.00000000,-0.00000000,-0.00000000,-0.00000000,0.00000000,-0.00000000,0.00000000,0.00000000
-0.17022922,-0.02843945,0.00000000,-0.00740576,0.09621650,0.20008524,-0.21263565,0.11040912,-0.32495341,-0.23597856,0.00000000,0.06959398,-0.13059913,0.23819247,-0.10149928,0.01724217,-0.12963029,-0.06885001,0.09531540,0.17233259,0.06747909,-0.06385675,-0.18799248,-0.00000000,0.00081517,-0.03415386,0.13018799,0.21817262,-0.20111696,0.20446787,0.20525741,0.20290187,0.16844780,0.28978010,0.19544946,0.17086753,-0.06110303,0.00000000,0.03036790,-0.14385299,-0.00023838,-0.02121924,-0.00000000,-0.00134961,0.01285831,0.04623623,0.21836570,-0.21316935,-0.02731889,0.00968894,0.30807050,-0.17279416,0.24936783,-0.02039698,-0.02120138,0.02479095,0.20894940,-0.00003572,0.00000000,-0.18952008,-0.06536859,0.30502811,-0.07741270,0.03931874
-0.15983536,0.12308238,-0.00000000,-0.00309321,0.20706405,-0.29516792,0.25318898,0.39188548,0.28948659,0.33920124,-0.00057617,0.00147709,0.34839372,-0.21110068,0.42752994,0.06798689,-0.05309971,-0.03315396,-0.35628490,0.13196167,0.35607846,-0.08062639,-0.36283700,-0.00000000,-0.00004023,-0.01874382,-0.00462391,-0.12932765,0.19051239,-0.29530166,-0.03142907,0.32839011,0.02043951,0.13415854,0.19904008,-0.08426437,0.21350581,-0.00000000,-0.04994760,-0.29504083,-0.00162878,-0.02769969,0.00000000,-0.00755795,-0.15149373,-0.11141073,0.03211351,0.16232915,-0.20642324,0.25483993,-0.23072406,0.26291391,0.34196887,-0.41073117,0.05749874,0.02558111,-0.12188669,-0.00000514,-0.00063425,0.08824436,-0.22417324,-0.22080031,0.22993510,-0.01725117
0.02072275,-0.01831159,-0.00000000,0.00000000,0.02573059,0.02516622,-0.03758473,-0.01751769,0.08503562,-0.01031850,-0.00000000,0.00020232,0.04553299,0.00511571,0.03544263,-0.01429085,0.00573845,0.00992500,0.01531269,0.01632739,-0.03298389,-0.00000000,-0.02938432,-0.00000000,0.00000000,0.00000000,0.01964524,0.00854654,-0.00827537,0.01711672,-0.00248644,0.02914960,0.01069411,0.02236875,0.02319354,0.00308867,0.01361119,0.00000000,-0.00002329,-0.03198470,0.00000000,-0.01654708,-0.00000000,-0.00000000,0.04162516,0.02418411,0.00839190,0.04422046,0.04039938,-0.01276625,0.00813991,-0.00651507,-0.01993425,-0.01006142,-0.00000000,-0.00000000,0.01940793,0.00000000,-0.00000000,-0.01309307,-0.00435860,0.00255196,0.00355535,0.04114238
-0.10727565,0.16607600,-0.00000000,-0.00700647,0.16668927,0.17379081,-0.07554393,0.13100206,-0.27136151,0.10217621,-0.00000007,-0.05518885,0.14033370,0.17198946,-0.17384463,0.03648350,-0.02007542,-0.01522820,0.13130031,0.05505856,0.17684601,-0.07676329,0.04184165,0.00000000,-0.01391665,-0.05111279,0.16278075,0.10560258,-0.04391303,0.04037451,-0.08629105,0.02865176,-0.01697623,-0.05636554,0.20530980,0.11200037,0.15237770,-0.00000000,0.18138540,-0.03347224,-0.00095491,-0.01988979,0.00000000,-0.00880278,0.03063646,0.11220686,0.13988802,-0.10814736,-0.00237980,0.21805498,-0.08564864,0.06829154,0.08869348,0.01518318,-0.00404528,-0.06738090,-0.01319668,0.00017337,-0.00552783,-0.06540551,0.18656367,-0.01727413,-0.00010306,-0.00003212
-0.00288284,-0.00000000,0.00000000,0.00000000,0.01666014,0.00000000,0.00000120,-0.00000000,-0.00040830,0.00000000,-0.00000000,0.00000000,0.00211468,-0.00117870,0.00067193,-0.00000116,-0.00000000,0.00000000,-0.00013173,-0.00000446,-0.00001593,-0.00000000,0.00488564,0.00000000,0.00000000,-0.00000000,0.00000001,-0.00000000,-0.00000000,0.00000000,0.00000000,0.00018534,0.00000000,0.00068190,-0.00004988,0.00028272,0.00000000,-0.00000000,0.00000000,-0.00293515,0.00000000,-0.00000000,0.00000000,-0.00000000,-0.00000000,0.00000000,-0.00000000,-0.00000075,-0.00001255,0.00298629,0.00000000,0.00000000,-0.00000000,0.03037806,0.00000000,-0.00000000,-0.00000000,-0.00000000,-0.00000000,-0.00000000,-0.00057825,-0.00000000,-0.00000000,0.00000000
-0.00000962,0.11893932,0.00000000,-0.00139175,0.24160211,-0.10149537,-0.15403826,-0.00751945,0.02621070,-0.13070206,-0.00519531,-0.07603471,-0.04999585,0.13370138,0.11501387,0.02936506,-0.13292093,-0.14435908,0.16315091,0.01674123,0.12100809,-0.08904596,0.09817129,0.00000000,-0.02608725,0.03357633,0.11521388,-0.09073726,-0.01428081,0.11736684,-0.06687975,0.01085060,0.19431189,-0.00368732,0.18022070,-0.04613954,-0.00485644,-0.00000000,-0.01927349,-0.23011700,-0.00967413,-0.03546657,0.00000000,-0.01381708,0.00906384,-0.29171532,-0.05534400,0.05168462,-0.06744223,0.11603182,0.25419987,0.05739904,0.17351122,-0.08782703,-0.05243762,0.10399233,0.20295242,0.00016792,-0.03875705,-0.18802894,0.15858110,-0.07053459,0.03331821,0.18251432
0.03840948,-0.54056404,-0.00000000,-0.00000322,0.09849858,0.34211618,-0.30855856,-0.50055775,-0.35177394,-0.51858477,-0.00000108,0.00000000,-0.41027967,0.27709130,-0.36184681,-0.09980064,0.04611973,0.15210577,0.50208561,-0.14818256,-0.66399726,-0.01705641,0.13325522,0.00000000,-0.00000073,-0.00000000,0.45775786,0.29237508,-0.54378269,0.55756310,0.44611601,-0.19929673,-0.02687555,0.08239663,0.11813594,0.48635303,-0.41677784,0.00000000,-0.27941262,0.33042485,0.00000041,0.02763146,0.00000000,-0.00545897,0.19112159,0.24008266,0.42887609,-0.17309318,0.03021078,-0.32108623,0.35928670,-0.56404186,-0.31222217,0.13172244,-0.00001851,0.06892707,0.03916753,-0.00000000,0.00000004,-0.29421425,0.41754757,0.40717502,-0.44266154,-0.13046354
-0.00000000,-0.00000000,-0.00000000,-0.00000000,-0.00000000,-0.00000000,-0.00000000,-0.00000000,-0.00000000,-0.00000000,-0.00000000,0.00000000,0.00000000,-0.00000000,-0.00000000,0.00000000,-0.00000000,0.00000000,-0.00000000,0.00000000,0.00000000,-0.00000000,0.00000000,0.00000000,-0.00000000,0.00000000,-0.00000000,-0.00000000,-0.00000000,-0.00000000,-0.00000000,-0.00000000,0.00000000,-0.00000000,-0.00000000,0.00000000,-0.00000000,-0.00000000,-0.00000000,0.00000000,0.00000000,0.00000000,-0.00000000,0.00000000,-0.00000000,0.00000000,-0.00000000,-0.00000000,0.00000000,0.00000000,0.00000000,0.00000000,-0.00000000,0.00000000,-0.00000000,-0.00000000,-0.00000000,-0.00000000,-0.00000000,0.00000000,-0.00000000,0.00000000,-0.00000000,-0.00000000
0.00000000,0.00000000,-0.00000000,-0.00000000,-0.00000000,0.00000000,0.00000000,-0.00000000,0.00000000,0.00000000,-0.00000000,0.00000000,0.00000000,0.00000000,-0.00000000,-0.00000000,0.00000000,-0.00000000,-0.00000000,0.00000000,-0.00000000,-0.00000000,-0.00000000,-0.00000000,0.00000000,-0.00000000,0.00000000,-0.00000000,0.00000000,0.00000000,-0.00000000,-0.00000000,0.00000000,0.00000000,0.00000000,0.00000000,-0.00000000,-0.00000000,-0.00000000,0.00000000,-0.00000000,0.00000000,-0.00000000,0.00000000,-0.00000000,0.00000000,0.00000000,-0.00000000,0.00000000,-0.00000000,-0.00000000,-0.00000000,0.00000000,-0.00000000,-0.00000000,-0.00000000,-0.00000000,-0.00000000,0.00000000,-0.00000000,0.00000000,-0.00000000,0.00000000,-0.00000000
-0.03207895,-0.19137934,-0.00000000,-0.00021948,0.12031222,0.01085616,-0.15784424,0.19535490,-0.07742935,0.04312640,0.00000016,-0.10845633,0.14829094,-0.02302901,-0.04036303,0.09208659,0.13244323,-0.02344410,0.00970351,0.28573935,0.13621673,-0.04502378,0.04199344,-0.00000000,-0.00048953,-0.00548416,0.10165431,0.05389134,-0.01793965,0.20678563,-0.01496482,0.28162103,0.18047777,0.17671384,0.15347913,0.08864626,0.13637764,-0.00000000,-0.17382446,0.03736313,-0.00125377,-0.15901042,-0.00000000,-0.00496415,-0.00177151,-0.12698590,-0.08841823,-0.28015349,-0.24961439,0.08659473,0.02483995,-0.06794724,0.09557206,-0.15158668,0.03879058,0.15374143,0.20915377,0.00044572,0.00000391,0.05662427,-0.16221973,-0.12156153,0.14184349,0.17794897
0.00000000,0.00000000,-0.00000000,-0.00000000,0.00000000,-0.00000000,0.00000000,0.00000000,-0.00000000,-0.00000000,0.00000000,-0.00000000,0.00000000,0.00000000,-0.00000000,0.00000000,-0.00000000,-0.00000000,-0.00000000,-0.00000000,-0.00000000,0.00000000,0.00000000,-0.00000000,0.00000000,-0.00000000,-0.00000000,-0.00000000,0.00000000,-0.00000000,-0.00000000,-0.00000000,0.00000000,-0.00000000,0.00000000,-0.00000000,-0.00000000,-0.00000000,0.00000000,0.00000000,-0.00000000,0.00000000,0.00000000,0.00000000,0.00000000,-0.00000000,-0.00000000,-0.00000000,0.00000000,0.00000000,0.00000000,-0.00000000,-0.00000000,0.00000000,-0.00000000,-0.00000000,-0.00000000,0.00000000,0.00000000,-0.00000000,-0.00000000,-0.00000000,-0.00000000,-0.00000000
-0.37159238,0.64426381,0.00000000,0.00000002,-0.11096798,-0.66245793,0.57809892,0.65974071,0.55278200,0.73046675,-0.00112270,-0.00000170,0.68885191,-0.23536878,0.62811101,0.43785386,-0.09190165,-0.13150814,-0.50688098,0.63140432,0.54162935,-0.04293711,-0.48279259,0.00000000,-0.00049264,0.00570944,-0.60835968,-0.68982879,0.51208447,-0.49620005,-0.54037043,0.46557593,-0.12054172,0.01725394,0.09219794,-0.54670630,0.75659810,0.00000000,0.31538650,-0.37743584,-0.00015293,-0.03954458,-0.00000000,-0.00145180,-0.28569256,-0.50074166,-0.56881155,-0.02288928,-0.26432385,0.35641601,-0.34506696,0.41803129,0.57496628,-0.34048808,-0.00001134,0.04131162,-0.08561632,-0.00000000,0.00083804,0.68263009,-0.62998581,-0.64192679,0.68184720,0.04956746
0.19494012,-0.20676311,0.00000000,-0.00000329,-0.13744297,0.27246289,-0.12962936,-0.44241647,-0.25612462,-0.07957196,-0.00374819,0.00005342,-0.20945086,0.05861697,-0.31451028,0.09694216,-0.00856783,-0.03336286,0.31162909,-0.22563655,-0.40842143,-0.03443747,0.09496167,0.00000000,0.02336472,-0.00000000,0.22744544,0.16864327,-0.26648883,0.24911791,0.17463348,0.00028841,-0.07722740,-0.07804662,-0.11648757,0.11603339,-0.30918790,-0.00000000,-0.06332434,0.30043101,0.00037598,0.03352476,0.00000000,-0.00552008,0.28738088,0.33340319,0.26589966,-0.07128455,0.15636926,-0.41733428,0.18146387,-0.35660164,-0.22057309,0.21736917,-0.00023501,-0.08957113,-0.23543173,0.00000000,-0.00141826,-0.25535903,0.12973125,0.16625033,-0.06430138,-0.13743234
0.21003335,0.20145324,0.00000000,-0.00026144,-0.21770047,-0.04035212,0.35427885,0.03789640,0.40750549,0.36179484,-0.00005516,-0.00000000,0.14245695,-0.16829091,0.29601399,0.10852033,0.41742005,0.12438279,-0.09713979,-0.28536459,0.07329980,-0.00519140,-0.18195710,0.00000000,-0.00000000,-0.02579675,-0.25605808,0.06222834,0.42138465,-0.27231147,-0.09609982,-0.44305972,-0.24326936,-0.28758088,-0.02058203,-0.02499107,0.09951739,-0.00000000,0.21901285,0.02181716,-0.00023488,-0.00798304,0.00000000,-0.00966905,0.43078792,0.09038620,-0.24459413,0.51339864,0.39188781,0.06856730,-0.25157606,0.38507362,-0.12326870,-0.12453934,-0.01361714,0.03283805,-0.24797371,-0.00000000,0.00000004,0.13962807,-0.00185588,0.06770063,0.06013570,-0.07173072
-0.18306355,0.06292251,0.00000000,-0.00117393,0.11530352,-0.09126335,0.19704324,0.12870105,-0.13431053,0.22774687,-0.00013153,0.09725199,0.16057892,0.10026644,0.02948087,-0.09350191,0.08346974,0.00675735,0.11614151,0.13650117,0.17217376,-0.10604715,0.13598171,0.00000000,0.03195276,-0.04648487,-0.13176756,-0.15176391,0.09130169,0.07334126,0.17687297,0.00922811,-0.02216708,0.00455820,0.06526364,0.18471360,0.14097841,0.00000000,0.09834827,0.13348623,-0.00260041,0.00792156,0.00000000,-0.02548145,0.07478923,-0.14008763,-0.08462683,-0.18053759,-0.00061961,-0.04016344,0.09850910,-0.12903726,-0.00770240,0.01694435,-0.06260586,-0.07025628,-0.10235620,0.00216663,0.00209149,-0.08943483,-0.06920989,0.18166350,0.07558742,-0.00594191
-0.00000000,0.00000000,-0.00000000,-0.00000000,0.00000000,-0.00000000,-0.00000000,0.00000000,0.00000000,-0.00000000,0.00000000,0.00000000,-0.00000000,0.00000000,-0.00000000,-0.00000000,-0.00000000,0.00000000,-0.00000000,0.00000000,0.00000000,0.00000000,0.00000000,0.00000000,-0.00000000,-0.00000000,-0.00000000,-0.00000000,-0.00000000,-0.00000000,-0.00000000,-0.00000000,-0.00000000,0.00000000,-0.00000000,-0.00000000,-0.00000000,-0.00000000,-0.00000000,0.00000000,0.00000000,0.00000000,0.00000000,0.00000000,-0.00000000,-0.00000000,0.00000000,0.00000000,0.00000000,-0.00000000,0.00000000,0.00000000,-0.00000000,-0.00000000,0.00000000,-0.00000000,-0.00000000,0.00000000,-0.00000000,0.00000000,0.00000000,-0.00000000,0.00000000,-0.00000000
0.00584125,0.27054493,0.00000000,-0.00005411,-0.39066805,0.00864162,0.09970320,0.19368877,0.10925885,0.34547818,-0.00000126,-0.00653289,0.07407510,-0.34820048,0.21119850,0.06331477,0.12444553,0.18372462,-0.17851177,-0.23932268,0.26248704,0.00058632,-0.15551051,-0.00000000,0.00000024,-0.02622144,-0.00764879,-0.25869127,0.34380349,-0.19137139,-0.00493300,-0.15263305,-0.07214451,-0.47773161,-0.47170396,-0.03539993,0.22535787,-0.00000000,0.19578523,0.12102590,-0.00076125,0.01057561,-0.00000000,-0.01233090,0.19049255,0.07439675,-0.28706872,0.14680824,-0.06338847,0.19680284,-0.26914096,0.05254011,0.03827391,0.07141956,0.02526612,-0.08570520,-0.17812455,-0.00000954,0.00000000,0.24374836,-0.00331222,-0.10200938,0.18622289,-0.15209442
-0.00000000,0.00000000,-0.00000000,0.00000000,-0.00000000,0.00000000,0.00000000,0.00000000,0.00000000,-0.00000000,0.00000000,-0.00000000,-0.00000000,0.00000000,-0.00000000,0.00000000,0.00000000,-0.00000000,0.00000000,0.00000000,0.00000000,-0.00000000,0.00000000,0.00000000,-0.00000000,0.00000000,0.00000000,0.00000000,-0.00000000,-0.00000000,0.00000000,0.00000000,0.00000000,-0.00000000,-0.00000000,-0.00000000,-0.00000000,-0.00000000,0.00000000,-0.00000000,-0.00000000,0.00000000,-0.00000000,-0.00000000,0.00000000,0.00000000,0.00000000,-0.00000000,-0.00000000,0.00000000,-0.00000000,-0.00000000,0.00000000,-0.00000000,0.00000000,-0.00000000,-0.00000000,-0.00000000,0.00000000,-0.00000000,0.00000000,-0.00000000,-0.00000000,-0.00000000
0.00000000,0.00000000,-0.00000000,0.00000000,-0.00000000,0.00000000,0.00000000,-0.00000000,0.00000000,-0.00000000,-0.00000000,0.00000000,0.00000000,-0.00000000,0.00000000,-0.00000000,0.00000000,0.00000000,-0.00000000,-0.00000000,0.00000000,0.00000000,0.00000000,-0.00000000,-0.00000000,0.00000000,-0.00000000,0.00000000,-0.00000000,0.00000000,-0.00000000,0.00000000,-0.00000000,0.00000000,-0.00000000,0.00000000,-0.00000000,-0.00000000,-0.00000000,0.00000000,0.00000000,0.00000000,0.00000000,0.00000000,-0.00000000,-0.00000000,-0.00000000,-0.00000000,0.00000000,-0.00000000,-0.00000000,0.00000000,0.00000000,0.00000000,-0.00000000,0.00000000,0.00000000,0.00000000,0.00000000,-0.00000000,0.00000000,-0.00000000,-0.00000000,-0.00000000
-0.00000000,-0.00000000,0.00000000,0.00000000,-0.00000000,0.00000000,-0.00000000,-0.00000000,-0.00000000,-0.00000000,-0.00000000,0.00000000,0.00000000,0.00000000,0.00000000,0.00000000,0.00000000,-0.00000000,-0.00000000,-0.00000000,0.00000000,-0.00000000,0.00000000,0.00000000,0.00000000,0.00000000,-0.00000000,0.00000000,0.00000000,0.00000000,0.00000000,-0.00000000,0.00000000,0.00000000,0.00000000,-0.00000000,-0.00000000,-0.00000000,0.00000000,-0.00000000,0.00000000,-0.00000000,0.00000000,0.00000000,-0.00000000,0.00000000,-0.00000000,0.00000000,0.00000000,-0.00000000,-0.00000000,-0.00000000,0.00000000,0.00000000,0.00000000,-0.00000000,0.00000000,0.00000000,0.00000000,-0.00000000,-0.00000000,0.00000000,0.00000000,-0.00000000
0.08898245,0.02334236,-0.00000000,-0.00201970,-0.00333515,-0.05078265,0.08609777,0.20018722,-0.21052497,-0.04015124,-0.00545823,0.13934450,0.14318500,0.15810412,-0.03157295,0.19856277,-0.08410255,-0.11878470,0.11950297,0.24551839,-0.11357608,-0.12540583,-0.14554821,0.00000000,-0.09431786,0.07167124,0.07665952,0.10283751,0.13401599,0.02683586,0.11323452,0.10318709,-0.00163786,0.00658506,-0.00621915,0.13093951,0.21617771,-0.00000000,0.13306822,-0.14666633,-0.00087205,0.00062872,0.00000000,-0.01992998,0.03977717,-0.15152824,0.15339656,-0.27239047,0.14382223,0.07655605,-0.02718479,-0.02061190,0.10651554,0.03776989,0.02161739,-0.06002097,0.06001841,0.00398033,-0.04008081,0.00867638,-0.03615106,0.09667239,0.12124436,0.10897195
-0.30473091,0.42631994,0.00000000,0.00058199,0.17357413,-0.34077479,0.38027199,0.37571543,0.55882556,0.48262077,-0.00144764,0.00000000,0.53889673,-0.31723535,0.39561509,0.44274112,0.14330776,-0.05224956,-0.32144985,0.12308993,0.30151686,-0.01130227,-0.30657028,-0.00000000,-0.00980654,-0.00419652,-0.36810763,-0.41046533,0.39186357,-0.46887315,-0.54667483,0.14920530,-0.23265048,0.15163783,-0.10993621,-0.38549130,0.35719056,0.00000000,0.58036208,-0.36941080,-0.00000000,0.01707868,-0.00000000,0.00863443,0.07123891,-0.18565001,-0.50293258,0.39494012,-0.22744273,0.22189004,-0.32355920,0.28466073,0.08072565,-0.42088574,-0.00402481,0.07450605,-0.34233849,-0.00000000,-0.00000002,0.58051861,-0.50924854,-0.48854653,0.46715964,0.03585646
0.10271713,0.05905512,-0.00000000,-0.00153619,-0.02523400,0.17577633,0.02390765,-0.05649124,0.21285536,0.05922838,0.00069913,-0.04362258,0.08369814,-0.22030392,0.15114351,0.09025792,0.10478798,0.27308216,-0.10687043,-0.23454984,0.00514653,-0.08945702,0.24208747,0.00000000,-0.12790913,-0.01462198,-0.07358955,0.23000421,0.05807805,0.03299331,-0.02979610,-0.17583118,-0.12721544,-0.24060251,-0.05996143,-0.04599364,0.23493123,-0.00000000,0.21476088,0.27096168,-0.00126128,0.00585027,-0.00000000,-0.00858667,0.19704051,-0.00268551,-0.09556507,0.02683868,0.22528589,0.01780046,-0.10919040,0.02931563,0.02555199,-0.00819906,-0.10939172,-0.07373795,-0.01887757,-0.00000000,0.00630437,0.26679629,0.01367768,0.22061571,-0.04699519,-0.30015808
-0.25045926,-0.02244077,-0.00000000,-0.00000753,0.35607310,-0.22608671,-0.16336973,0.20405800,-0.04251155,0.08425085,0.00000000,-0.00018912,-0.01861896,0.21140729,0.20081782,-0.23471292,0.02244331,-0.08276061,-0.13352945,0.52088168,-0.02320479,-0.00266180,-0.26947649,-0.00000000,-0.00000000,-0.00767743,0.27967457,-0.28422802,-0.17871881,-0.13346704,0.10216468,0.51622314,0.26388378,0.14893363,0.34948606,0.16380524,-0.13318481,-0.00000000,-0.13589816,-0.33886582,-0.00000001,-0.09260095,-0.00000000,0.00054575,-0.26949530,-0.25309866,0.30055987,-0.23106330,-0.16940516,-0.08522780,0.05066114,-0.19886705,0.38458833,-0.11251537,0.00968556,-0.01168931,0.19020557,-0.00000039,0.00000000,-0.11569823,-0.23364094,-0.13838424,-0.00245370,0.17574254
-0.02623171,0.01838901,0.00000000,0.00000000,0.02966098,-0.02279403,-0.00949260,0.01934770,-0.00811077,0.01366348,0.00000000,0.00000000,0.01749150,0.01025151,0.01641664,-0.01898429,-0.02725581,-0.02719965,-0.01711144,0.03279043,0.01564919,-0.00000000,-0.02188697,0.00000000,0.00000000,0.00000000,-0.00720008,-0.02052990,0.01815200,-0.01374569,-0.01379846,0.02924775,0.02706837,0.03140261,0.03021931,-0.01145999,0.01729529,-0.00000000,-0.00174957,-0.02409113,0.00000000,-0.01754074,-0.00000000,-0.00000000,-0.02292026,-0.02419529,-0.00941754,-0.01056851,-0.01288544,0.01668430,-0.00858549,0.01939583,0.02355399,-0.02288482,0.00000000,0.01151517,0.03014482,-0.00000000,-0.00000000,0.01485418,-0.02201486,-0.01886037,0.01800854,0.05917305
-0.03864307,-0.37618546,-0.00000000,-0.00060562,0.09649829,0.32830319,-0.12172778,-0.30103954,-0.10740430,-0.19262453,0.00102322,0.00140284,-0.10421117,0.17550724,-0.06140854,-0.04658524,0.13842977,-0.06349010,0.30353104,0.11169200,-0.27301650,0.05158196,0.17911789,-0.00000000,0.01372984,-0.02316949,0.35961155,0.34566366,-0.43154684,0.14244062,0.29617915,-0.13448908,0.07771577,0.05418381,0.02111036,0.11481238,-0.10325261,0.00000000,-0.06187563,0.24397372,0.00002800,0.01665948,0.00000000,0.00455993,0.25562929,0.26778994,0.31028700,0.03638277,0.00001891,-0.11371809,0.06919016,-0.46797862,-0.12359853,0.05713775,-0.00636199,0.02622730,-0.04015883,0.00000000,-0.00232841,-0.23309578,0.35817231,0.27340263,-0.18335798,-0.08635748
0.10233185,0.14247326,-0.00000000,-0.00860269,-0.03255275,-0.00957090,0.17170019,0.06061600,-0.28896730,-0.10136631,-0.00039357,0.02995982,0.05899598,0.17527362,0.11887128,-0.09365499,-0.00553538,-0.04646795,-0.01939766,0.23326837,0.02690512,0.06414836,0.01443812,-0.00000000,-0.10639776,-0.01960653,0.13003140,-0.07178100,0.08485749,0.15725065,0.04123537,0.17419514,-0.05392074,0.13021688,0.15818298,0.22623848,-0.08210013,-0.00000000,-0.09140685,-0.11158459,-0.00257980,-0.01765118,0.00000000,-0.01302063,-0.07839854,-0.00781082,-0.02969834,-0.29430319,0.04245227,-0.15697082,0.07922920,0.10031882,0.04112773,0.02357815,0.01991745,0.03479384,0.05345722,-0.00205388,0.02475476,0.09678029,0.01973218,-0.10453778,-0.14781637,0.03215604
0.06588944,-0.17160391,0.00000000,-0.00641313,-0.01161507,0.12397909,0.10357428,-0.05536270,0.04182493,0.10184125,-0.00152543,-0.10067654,-0.00796519,0.21462002,0.01437507,-0.11880897,0.11514578,0.00742012,0.07783275,0.16095631,-0.00544849,0.08089694,0.11448421,0.00000000,-0.08414442,0.04090501,0.22257463,-0.09676819,-0.01149574,-0.01961180,0.15628539,0.15398095,-0.10338579,0.20301458,-0.04663645,0.17031264,-0.04173880,-0.00000000,-0.10448534,-0.11066383,-0.00302461,-0.01132108,-0.00000000,-0.01680682,-0.10692524,0.10763246,0.13515763,-0.21067229,0.04503969,-0.14142775,0.22633440,0.12690525,0.06768818,0.17020286,0.05960346,0.07433169,0.10452222,-0.00323615,-0.03109221,-0.06066244,0.12214452,-0.06054994,-0.07724024,0.11250280
-0.14550334,0.07238885,0.00000000,-0.00257931,0.15961658,-0.00582971,0.05032858,-0.04097152,-0.22094384,-0.02791746,-0.00000000,0.03808086,-0.13506166,-0.00416914,-0.17684776,-0.09097741,-0.04354233,-0.10460537,0.00510702,0.25397959,-0.00418418,0.04803670,-0.13971561,0.00000000,-0.00567228,-0.00599317,0.00466818,-0.03650547,0.13189968,-0.00526842,0.03137537,0.28388998,-0.13177104,0.07554797,0.20245751,0.04911575,-0.11481834,-0.00000000,0.03854043,-0.09047980,-0.00000456,-0.03818447,0.00000000,0.00189704,-0.00819793,0.08706306,-0.10317486,-0.69529871,-0.09058474,0.14489327,-0.12421874,0.20812605,0.14767727,-0.09332016,-0.04062077,0.01183390,0.18100196,0.00024611,-0.00028654,0.18651697,0.12891094,-0.06778345,0.02924963,-0.02347961
0.09011782,-0.41569448,0.00000000,-0.00002103,0.14400259,0.30483419,-0.29794061,-0.52734607,-0.18399926,-0.32980164,-0.00026815,0.00000000,-0.36901312,0.16228670,-0.41929459,-0.26008781,0.17888410,0.24002624,0.25614578,-0.16340752,-0.66980725,-0.01737653,-0.03480837,0.00000000,0.00023442,-0.00000011,0.44472824,0.07937101,-0.38596356,0.21365116,0.29054592,-0.37795220,-0.01075934,0.09352995,0.10598657,0.46006973,-0.14086780,-0.00000000,-0.33437484,0.08269219,0.00017482,0.02192739,-0.00000000,-0.00371700,0.13367396,0.17553387,0.44023264,0.08297867,-0.08945003,-0.42005299,0.23156828,-0.46038357,-0.23120007,0.11959259,-0.00074803,0.08680380,0.10749737,-0.00000000,0.00002059,-0.37722941,0.16398032,0.42338752,-0.24033787,-0.13127174
-0.06182546,-0.07364034,-0.00000000,-0.00329271,0.24586744,0.10059065,-0.06883558,0.09732335,-0.12021005,-0.30170694,0.00121089,-0.01979543,-0.06116254,0.27892714,-0.11219223,-0.25695641,0.01465848,0.01321486,0.14049692,0.20970205,-0.24618457,-0.10904940,-0.08984774,0.00000000,0.09265818,-0.01636852,0.27916679,0.09705095,-0.29961708,0.34546762,0.18920801,0.05557086,0.14792641,0.36714611,0.38027746,-0.00357626,-0.01170278,0.00000000,-0.31803632,0.07629139,0.00118728,-0.02038738,0.00000000,-0.00553756,0.04297963,0.12510358,0.22932647,0.05880849,0.06338208,-0.17493014,0.34728644,-0.18233818,0.10049425,-0.01039101,-0.09480163,0.02950672,0.35630792,-0.00000000,-0.00123407,-0.02319151,0.04954645,0.10708057,-0.12503304,0.19122191
0.15795641,0.21530875,-0.00000000,-0.00003982,-0.22759316,-0.02836393,0.17467331,0.10056905,0.20493471,-0.00815446,-0.00000020,-0.00010793,0.06893097,-0.02886427,-0.04013250,0.18806950,0.00045796,0.00979739,-0.01000245,-0.26874714,0.25144307,-0.00083558,-0.00226828,-0.00000000,0.00000000,-0.01612450,-0.12043168,0.01994689,0.31666870,0.09607954,-0.09088342,0.07782810,-0.07554921,-0.37438130,-0.13638874,-0.13204088,0.01238926,-0.00000000,0.10064580,0.10635347,-0.00051375,-0.00812087,0.00000000,-0.00882692,0.17591413,-0.02120575,0.06041454,0.25310929,-0.05716507,-0.11696036,-0.16992497,0.21088890,-0.02515524,0.07108330,-0.02828976,-0.00738677,-0.14246178,0.00000009,0.00000000,-0.03352927,0.04442616,-0.19153817,0.25948685,-0.21979816
-0.14939720,-0.09520088,0.00000000,-0.00273051,0.14899633,0.17200992,0.00778587,-0.12406148,0.12077403,-0.11045649,0.01192924,-0.05217391,-0.19280191,0.07751493,0.14630785,0.18979873,-0.05232741,-0.05759241,0.04892244,0.08980235,0.09801613,-0.10423318,0.18257045,0.00000000,0.09329797,-0.01633313,-0.01618010,0.21663517,0.06906320,0.14304655,0.16907577,0.11441831,-0.07137686,-0.07968229,-0.05970044,-0.09101595,-0.12516994,-0.00000000,-0.00356494,-0.03743091,-0.00157719,-0.00534686,-0.00000000,-0.00576164,0.03036247,-0.00268006,0.04521758,0.07028051,-0.05476190,0.08766268,0.18353745,0.15664594,0.05165565,0.05877774,-0.11042287,0.03912530,0.19570808,-0.00007012,0.04565556,0.01590946,0.25433916,0.07343278,-0.15810617,-0.05727629
0.02680608,0.03771755,0.00000000,-0.00058284,-0.15210279,-0.03094974,0.09820501,0.17727824,0.08271260,0.24357388,-0.00013389,0.00845792,0.29417640,-0.10042996,0.11288918,0.31838740,0.09955509,0.19022809,0.10601245,-0.13900643,0.25388108,0.01315447,0.15340931,-0.00000000,-0.06135199,-0.07043520,-0.16309234,0.05519411,0.11823735,-0.28317882,-0.18340852,0.02274087,-0.08275678,-0.27553144,-0.38076524,-0.14974540,0.06858077,-0.00000000,0.35251820,0.23430317,-0.00299669,-0.00250998,0.00000000,-0.00831751,-0.01868404,-0.03979383,-0.28935337,0.17590052,0.14189153,0.08112055,-0.19076233,0.34248018,0.10793314,-0.02727820,-0.07716268,-0.00174288,-0.33724036,0.00000000,0.00087277,0.21413510,-0.01738558,-0.03975641,0.30080337,-0.43750412
-0.00820882,0.01814171,0.00000000,-0.00000000,-0.02059622,-0.01333690,0.01741336,0.02574123,0.02094693,0.01817183,0.00000000,0.00000000,0.02198243,-0.01528385,0.02243479,0.02175749,0.01816516,0.01767314,-0.02372645,0.00017574,0.02181591,0.00000000,-0.01827530,-0.00000000,-0.00000000,-0.00000000,-0.01970985,-0.01426775,0.01722903,-0.01958612,-0.01666247,0.00797171,-0.01892058,-0.02290751,-0.02435543,-0.02039573,0.02282094,0.00000000,0.01923055,-0.01627896,0.00000000,0.00000000,0.00000000,-0.00000000,-0.00219905,-0.01643102,-0.01869037,0.03391633,0.00316477,0.02422650,-0.01658572,0.01549569,0.02759467,-0.01857884,0.00000000,0.00000000,-0.01505685,0.00000000,0.00000000,0.01782731,-0.01143516,-0.01200376,0.02565348,-0.00000000
0.04238347,0.00389190,0.00000000,-0.00000000,-0.01664103,0.03505220,0.00174268,0.03725036,0.00674187,0.00219865,-0.00000000,-0.00000000,0.03564995,0.00179597,0.03119388,0.00073721,0.00505826,0.00443393,0.06224826,-0.02065259,0.01363839,0.00000000,-0.00094312,0.00000000,-0.00000000,-0.00000000,-0.00156222,0.01455440,0.00274853,-0.00305001,-0.00182773,-0.02232180,-0.03472002,-0.02133820,-0.01766073,-0.00364388,0.03150516,0.00000000,0.00068734,0.02028785,-0.00000000,0.00999377,-0.00000000,0.00524417,0.02993105,0.01067497,-0.00078196,-0.00140382,0.00542329,0.01516767,-0.00237495,-0.00055098,-0.00743007,0.00347470,0.00000000,0.00000000,-0.00442950,-0.00000000,-0.00000000,0.00680426,0.03380640,0.04548218,0.04058930,0.02043993
-0.00000000,0.00000000,0.00000000,0.00000000,0.00000000,0.00000000,-0.00000000,-0.00000000,0.00000000,0.00000000,-0.00000000,-0.00000000,0.00000000,0.00000000,0.00000000,-0.00000000,0.00000000,-0.00000000,0.00000000,0.00000000,-0.00000000,-0.00000000,-0.00000000,-0.00000000,0.00000000,-0.00000000,-0.00000000,-0.00000000,-0.00000000,0.00000000,-0.00000000,-0.00000000,0.00000000,0.00000000,-0.00000000,0.00000000,0.00000000,0.00000000,0.00000000,-0.00000000,-0.00000000,0.00000000,-0.00000000,-0.00000000,-0.00000000,-0.00000000,-0.00000000,0.00000000,0.00000000,-0.00000000,-0.00000000,-0.00000000,-0.00000000,0.00000000,-0.00000000,-0.00000000,0.00000000,0.00000000,0.00000000,-0.00000000,0.00000000,-0.00000000,0.00000000,-0.00000000
-0.14403303,0.03418943,-0.00000000,-0.00004165,-0.11322466,0.01143074,0.10301441,0.05679653,0.13262144,-0.06785343,-0.00054567,-0.02556431,0.07561858,-0.08485241,0.00002221,-0.11001261,-0.05776940,0.15085380,-0.07296166,-0.02588416,0.00731508,0.08844442,-0.04838224,-0.00000000,0.08702386,-0.03981556,0.03459650,-0.02995925,0.05687001,-0.10190874,0.00613771,0.12028970,0.07265363,-0.01779679,0.01389490,-0.04284268,-0.00990633,-0.00000000,0.10320170,-0.09363455,0.00247873,0.00621250,-0.00000000,-0.01414257,-0.17126091,0.16478009,0.18807495,0.00612006,-0.14054445,-0.08736355,0.03248545,-0.09727197,0.03980324,0.02012394,-0.07706573,0.08063802,0.18517144,-0.00000588,0.02100365,-0.11985958,-0.13937836,0.06688527,0.04024926,0.12036932
0.00000000,-0.00000000,0.00000000,-0.00000000,-0.00000000,-0.00000000,-0.00000000,0.00000000,-0.00000000,-0.00000000,0.00000000,-0.00000000,0.00000000,-0.00000000,0.00000000,0.00000000,0.00000000,-0.00000000,0.00000000,0.00000000,-0.00000000,-0.00000000,-0.00000000,-0.00000000,0.00000000,0.00000000,-0.00000000,0.00000000,0.00000000,-0.00000000,-0.00000000,-0.00000000,0.00000000,0.00000000,-0.00000000,-0.00000000,-0.00000000,-0.00000000,0.00000000,-0.00000000,-0.00000000,-0.00000000,0.00000000,-0.00000000,-0.00000000,0.00000000,-0.00000000,0.00000000,-0.00000000,-0.00000000,0.00000000,-0.00000000,0.00000000,0.00000000,0.00000000,-0.00000000,-0.00000000,-0.00000000,0.00000000,-0.00000000,-0.00000000,0.00000000,-0.00000000,-0.00000000
-0.18013982,-0.07489876,-0.00000000,-0.00012911,0.16157998,0.15181824,-0.18668939,-0.08267603,-0.26825749,-0.29648854,-0.00000019,0.01667561,-0.06714502,0.09394332,-0.20960901,-0.01802945,-0.26900583,-0.25072046,0.26595876,0.15310038,0.02563129,-0.04902269,-0.11396083,-0.00000000,0.01341940,0.00119156,0.21657902,0.16727416,-0.24830553,0.17874435,0.12558924,0.23989942,-0.03935804,0.22140584,0.28760534,0.01987928,-0.35673497,0.00000000,-0.17896448,0.02416551,-0.00008373,-0.01850924,-0.00000000,-0.00730190,-0.06710586,0.14196306,0.20913671,-0.29036866,-0.29164891,-0.09560286,0.33897713,-0.26367380,0.05710451,-0.07470748,0.01375774,0.06422804,0.35893655,-0.00000000,-0.00004382,-0.11727420,-0.04008852,0.14381939,-0.30395208,0.08240481
-0.11314283,0.05401469,-0.00000000,0.00001383,0.02236290,0.05218913,-0.08016592,0.13203200,0.05318735,0.00386981,-0.00349288,0.00437866,-0.03024872,0.29094009,-0.13769810,-0.17313110,-0.06975168,-0.13683802,-0.06203367,0.25741605,-0.05200851,0.07973245,0.14949947,0.00000000,0.00284706,-0.03482648,0.28844605,0.01239437,-0.14071950,0.05616879,0.14880009,0.01414865,0.17860799,0.18929871,0.19923536,0.04790435,-0.05338957,0.00000000,-0.24044948,0.13165168,-0.00229232,-0.02112536,-0.00000000,-0.01607820,0.15065904,-0.14396843,0.09029799,-0.04233223,0.13773155,-0.18649475,0.26585964,-0.15464559,-0.00022959,0.10306236,-0.07925866,-0.00038284,0.01529555,-0.00016122,0.00243903,-0.06991904,0.02033450,0.05941939,-0.08389572,0.39368591
0.33449729,0.20558262,0.00000000,0.00000000,0.14468411,0.03031233,0.08916176,-0.02465786,0.06264274,0.10986147,0.00000192,0.04494877,-0.08760522,-0.15228307,-0.07007125,0.14130699,0.05302711,-0.07277177,0.15278614,-0.18144726,-0.14281186,-0.05280221,-0.01367197,-0.00000000,0.04866848,0.03542351,-0.04408177,-0.04813199,0.09835383,-0.08345374,-0.13218344,0.10325277,-0.23668575,-0.11474066,-0.07523983,-0.02018293,-0.13562520,-0.00000000,0.05819193,0.11437574,-0.00000000,0.02778362,0.00000000,-0.00012301,0.16159545,0.02164666,-0.03196859,0.20525909,0.08009189,-0.03875134,-0.18714859,-0.06985468,-0.09841904,0.04785331,0.06087374,0.05534043,-0.08723278,-0.00000003,-0.00013058,-0.05758310,0.15235288,0.16455095,-0.02914417,0.00560088
0.00000000,-0.00000000,-0.00000000,-0.00000000,-0.00000000,-0.00000000,-0.00000000,-0.00000000,-0.00000000,-0.00000000,-0.00000000,0.00000000,-0.00000000,-0.00000000,0.00000000,0.00000000,-0.00000000,0.00000000,-0.00000000,0.00000000,-0.00000000,-0.00000000,-0.00000000,0.00000000,-0.00000000,0.00000000,0.00000000,0.00000000,0.00000000,-0.00000000,-0.00000000,-0.00000000,-0.00000000,-0.00000000,0.00000000,-0.00000000,-0.00000000,-0.00000000,0.00000000,-0.00000000,-0.00000000,0.00000000,0.00000000,-0.00000000,-0.00000000,-0.00000000,-0.00000000,0.00000000,0.00000000,-0.00000000,0.00000000,-0.00000000,0.00000000,-0.00000000,-0.00000000,-0.00000000,-0.00000000,0.00000000,0.00000000,0.00000000,0.00000000,-0.00000000,-0.00000000,-0.00000000
0.00000000,0.00000000,-0.00000000,0.00000000,0.00000000,-0.00000000,0.00000000,-0.00000000,-0.00000000,0.00000000,-0.00000000,0.00000000,0.00000000,0.00000000,-0.00000000,-0.00000000,0.00000000,-0.00000000,-0.00000000,0.00000000,0.00000000,0.00000000,-0.00000000,-0.00000000,-0.00000000,-0.00000000,0.00000000,-0.00000000,0.00000000,0.00000000,0.00000000,0.00000000,0.00000000,0.00000000,-0.00000000,-0.00000000,-0.00000000,0.00000000,0.00000000,-0.00000000,0.00000000,-0.00000000,0.00000000,0.00000000,-0.00000000,0.00000000,-0.00000000,0.00000000,0.00000000,0.00000000,-0.00000000,0.00000000,0.00000000,-0.00000000,0.00000000,-0.00000000,0.00000000,0.00000000,-0.00000000,-0.00000000,-0.00000000,0.00000000,0.00000000,0.00000000
-0.33046696,0.00373746,0.00000000,-0.00498920,0.21262979,-0.08233101,-0.16215796,0.17017391,0.10677239,-0.07699830,-0.00000000,0.08612635,0.15852518,0.19914584,0.18839820,0.10831266,-0.07531215,-0.03140154,0.05655465,0.25758317,0.22689299,-0.12381377,-0.19526084,-0.00000000,-0.03905282,-0.06702623,0.14205777,-0.23925038,0.07144104,0.05977640,-0.02151519,0.12642992,0.10473552,0.21540060,0.25202711,0.14376574,0.21223252,0.00000000,0.12602159,-0.04583915,0.00214479,-0.04260978,0.00000000,-0.01363882,-0.01645794,-0.25950192,0.02331238,-0.07282149,-0.22883129,-0.10747477,0.18373701,-0.17763135,0.20014641,-0.28151148,0.00471424,-0.06755522,0.06752230,-0.00046812,0.00480499,-0.14575622,-0.15182964,-0.13505628,0.22557134,0.11969368
0.00000000,0.00000000,0.00000000,0.00000000,-0.00000000,-0.00000000,0.00000000,0.00000000,-0.00000000,0.00000000,0.00000000,-0.00000000,0.00000000,0.00000000,0.00000000,-0.00000000,-0.00000000,-0.00000000,0.00000000,-0.00000000,0.00000000,0.00000000,-0.00000000,-0.00000000,0.00000000,-0.00000000,-0.00000000,-0.00000000,-0.00000000,0.00000000,-0.00000000,-0.00000000,0.00000000,-0.00000000,0.00000000,-0.00000000,-0.00000000,0.00000000,0.00000000,0.00000000,0.00000000,-0.00000000,-0.00000000,0.00000000,-0.00000000,0.00000000,-0.00000000,-0.00000000,0.00000000,-0.00000000,0.00000000,0.00000000,0.00000000,0.00000000,0.00000000,-0.00000000,0.00000000,-0.00000000,0.00000000,0.00000000,-0.00000000,-0.00000000,-0.00000000,0.00000000
0.10115227,-0.56900204,-0.00000000,-0.00053423,-0.07949873,0.59906982,-0.44603350,-0.41949275,-0.39371803,-0.80959836,0.00005242,-0.00000000,-0.58658962,0.60239912,-0.50026516,-0.17925855,0.13110300,0.07385726,0.72369106,-0.19121988,-0.48237365,-0.01590257,0.46870840,0.00000000,-0.00092485,-0.00830983,0.60587953,0.59842025,-0.61636679,0.71944385,0.73751726,-0.21271719,0.12954831,-0.13575651,-0.04002989,0.64471563,-0.57938419,-0.00000000,-0.64844067,0.20478260,0.00036726,0.03886890,-0.00000000,0.00180264,0.12738550,0.48790429,0.61293496,-0.38316545,0.25664272,-0.17714034,0.56796198,-0.61496187,-0.37670409,0.21662910,-0.00259531,0.00071338,0.17743908,0.00000000,0.00000000,-0.63412841,0.53332754,0.73405615,-0.39444366,0.15071825
0.25934353,0.18850352,0.00000000,-0.00042971,-0.29746200,0.03901659,0.12997324,-0.01539043,0.03258166,0.11376718,0.01067193,-0.11898402,0.17773598,0.03845541,0.23015986,0.21710631,0.19310711,0.08469187,-0.07426684,-0.08893127,0.13447412,0.06898023,0.15147785,0.00000000,0.01519913,-0.03843207,-0.21101304,-0.04565853,-0.06089321,0.12434143,-0.07785867,-0.16728546,0.01771276,-0.17886883,-0.32864976,-0.09234412,-0.03117915,0.00000000,-0.06669394,0.09305717,-0.00217014,0.00152875,-0.00000000,-0.00893965,0.22423611,0.03809901,-0.09662577,0.19027460,-0.08250857,-0.13973546,0.02734426,0.05451307,0.02986759,0.22853720,-0.04463414,0.01984314,-0.07834885,0.00000000,0.00570992,0.23009375,-0.00154912,0.12939322,0.03270290,-0.21556138
0.41294799,-0.20572845,0.00000000,0.00000178,0.23503067,0.01155359,0.02455450,-0.20197495,0.13578029,-0.00205062,-0.00000000,-0.13538710,-0.22963248,-0.10768757,-0.12076607,0.13910037,0.20469629,-0.01016774,0.10475313,0.05423870,-0.15153102,-0.01072936,0.14343600,-0.00000000,-0.03629703,-0.04318512,0.09784782,-0.09295820,-0.06741913,0.04181873,0.00350467,-0.11803056,0.10512434,-0.02007135,0.16837199,0.03910052,-0.04045078,0.00000000,-0.00319064,0.18918583,-0.00000000,0.00754812,0.00000000,-0.01027715,0.40360121,0.27991436,0.06609804,0.11955463,0.41899645,0.15091844,0.23625663,-0.04465627,-0.02595876,0.03325916,-0.00240698,-0.07877991,-0.04595593,0.00029057,-0.00952786,0.11451965,0.13980381,0.05931454,-0.13367654,0.46968250
-0.03542122,0.19360656,0.00000000,-0.00087471,-0.25998669,0.00204834,0.20543328,0.00284915,-0.01327177,0.12330391,0.01123960,-0.00004531,0.10027634,0.09445587,0.18670308,0.18622126,0.12637424,0.25175598,0.03835310,0.04639405,0.16612744,0.01792829,-0.08792936,0.00000000,0.03375167,-0.02049905,-0.05191297,-0.08120247,0.22275916,-0.17923033,0.05861821,-0.01958609,0.00510213,-0.12614053,-0.23379802,-0.12395184,0.08784498,0.00000000,0.28330951,-0.14937057,-0.00111116,0.00358900,0.00000000,-0.00994994,0.11651894,0.07008227,-0.03080387,0.00474871,0.09503230,-0.03283762,-0.23364294,0.06791334,0.03513867,0.02320738,0.00337603,-0.02890053,-0.15469807,0.00000000,0.00067720,0.13500865,-0.03094905,0.08456323,0.13334071,-0.14960026
0.00000000,-0.00000000,0.00000000,-0.00000000,-0.00000000,0.00000000,0.00000000,0.00000000,0.00000000,0.00000000,0.00000000,0.00000000,0.00000000,0.00000000,-0.00000000,0.00000000,-0.00000000,-0.00000000,-0.00000000,-0.00000000,-0.00000000,0.00000000,0.00000000,-0.00000000,0.00000000,-0.00000000,-0.00000000,0.00000000,0.00000000,-0.00000000,0.00000000,-0.00000000,0.00000000,-0.00000000,-0.00000000,0.00000000,0.00000000,0.00000000,-0.00000000,0.00000000,-0.00000000,0.00000000,-0.00000000,-0.00000000,0.00000000,0.00000000,0.00000000,-0.00000000,-0.00000000,0.00000000,-0.00000000,-0.00000000,-0.00000000,-0.00000000,0.00000000,-0.00000000,-0.00000000,-0.00000000,0.00000000,-0.00000000,0.00000000,0.00000000,-0.00000000,0.00000000
0.12942721,-0.24808506,-0.00000000,-0.00742416,0.04405178,0.19107787,-0.08328062,-0.14569972,-0.33064797,-0.17257814,-0.00000000,-0.01359928,-0.04030088,0.28558285,-0.14293605,-0.04702621,0.00104696,-0.00033667,0.11436652,-0.04798927,-0.25116195,-0.10269842,-0.12114036,0.00000000,-0.02776231,0.04851811,0.27409952,0.24371054,0.09135438,0.05585074,0.15856333,0.00803108,0.10862199,0.27165938,0.25820610,0.10546205,-0.03269679,-0.00000000,-0.20405863,0.06356953,-0.00000001,-0.02163948,-0.00000000,-0.00154516,-0.02883363,0.11533330,0.23356868,-0.01339919,-0.11059363,0.16400341,0.01904566,-0.22888712,0.05914584,0.09963834,-0.03579459,0.08228073,0.21473964,-0.00160206,0.01494670,-0.22186721,0.26900490,0.06725990,-0.13520802,0.04685402
-0.01910717,0.02252654,-0.00000000,-0.00021421,-0.26263553,0.03045487,0.16170281,0.03532805,0.27925004,0.09946611,0.00167614,-0.00000000,0.08191155,0.03730712,-0.06546896,0.18729181,0.17768807,-0.02494537,0.09000341,-0.28324133,-0.03396574,-0.02704053,0.08437711,0.00000000,0.00667423,-0.01836791,-0.01503339,0.10216352,-0.06971095,0.04932801,-0.10733080,-0.16788762,0.04714309,-0.07738459,-0.26381816,-0.10331803,-0.00306139,-0.00000000,-0.03866978,-0.01736471,-0.00090163,0.00723084,-0.00000000,-0.01052692,-0.05907077,-0.03607427,0.09206466,-0.04337177,-0.05815363,0.02545452,0.03999288,0.04634236,0.12489230,0.17250539,-0.02149115,0.00810537,-0.11738916,0.00000000,0.00003094,-0.07755267,-0.07899845,-0.03741191,0.04263691,-0.08301346
-0.04568828,0.13419696,0.00000000,-0.00405040,0.01981167,-0.07386565,-0.17037026,0.18275866,0.09369244,-0.17521498,-0.00000025,-0.02696878,-0.10810576,0.07797010,-0.16231751,-0.08444102,-0.10671447,-0.09253227,-0.10194891,0.15325439,0.15324927,-0.03784218,0.09690745,-0.00000000,0.00202795,-0.00733960,0.17781337,0.12808586,-0.20145502,0.07451683,0.25721199,0.26576768,0.26424403,0.19666328,0.22684635,0.16975776,0.06735936,-0.00000000,0.09691586,0.05291690,0.00106299,-0.02923245,-0.00000000,-0.01668100,0.08717069,-0.00515745,0.03858762,-0.28264567,0.02707965,0.10933490,0.24359110,-0.01129789,0.11369341,-0.12296515,-0.10338446,0.00249341,0.02586717,0.00002549,-0.00012292,-0.04848234,0.20069853,-0.10733263,0.06316341,0.11268249
-0.00000000,0.00000000,0.00000000,0.00000000,0.00000000,-0.00000000,-0.00000000,-0.00000000,-0.00000000,0.00000000,0.00000000,-0.00000000,0.00000000,-0.00000000,-0.00000000,-0.00000000,0.00000000,-0.00000000,-0.00000000,-0.00000000,-0.00000000,-0.00000000,-0.00000000,-0.00000000,-0.00000000,-0.00000000,0.00000000,0.00000000,0.00000000,-0.00000000,-0.00000000,0.00000000,0.00000000,0.00000000,-0.00000000,-0.00000000,0.00000000,-0.00000000,-0.00000000,0.00000000,-0.00000000,0.00000000,0.00000000,0.00000000,-0.00000000,-0.00000000,0.00000000,-0.00000000,0.00000000,0.00000000,-0.00000000,0.00000000,0.00000000,0.00000000,0.00000000,0.00000000,0.00000000,-0.00000000,0.00000000,-0.00000000,-0.00000000,-0.00000000,-0.00000000,0.00000000
-0.00000000,-0.00000000,0.00000000,-0.00000000,0.00000000,-0.00000000,-0.00000000,0.00000000,0.00000000,-0.00000000,0.00000000,-0.00000000,0.00000000,0.00000000,0.00000000,0.00000000,0.00000000,-0.00000000,0.00000000,-0.00000000,0.00000000,0.00000000,0.00000000,-0.00000000,-0.00000000,-0.00000000,-0.00000000,0.00000000,0.00000000,0.00000000,0.00000000,0.00000000,0.00000000,-0.00000000,0.00000000,0.00000000,-0.00000000,0.00000000,0.00000000,-0.00000000,0.00000000,-0.00000000,0.00000000,-0.00000000,0.00000000,0.00000000,-0.00000000,-0.00000000,0.00000000,0.00000000,0.00000000,0.00000000,0.00000000,-0.00000000,0.00000000,0.00000000,-0.00000000,-0.00000000,-0.00000000,0.00000000,-0.00000000,0.00000000,-0.00000000,-0.00000000
0.06202758,-0.42359373,-0.00000000,-0.00002906,-0.15020835,0.31475163,-0.16980145,-0.59592630,-0.26072580,-0.56323092,0.00074950,-0.00000000,-0.42530271,0.37806731,-0.43612034,-0.25306472,0.03067853,0.01562489,0.42058911,-0.07101209,-0.68987128,-0.01841619,0.06973859,-0.00000000,0.00125473,-0.00000000,0.32388144,0.32955743,-0.48932563,0.48521310,0.45677145,-0.36828802,-0.03596969,-0.03678819,0.10081059,0.59659441,-0.37361235,-0.00000000,-0.11817241,0.36480116,0.00000297,0.03013502,0.00000000,-0.00541902,0.16556025,0.26521753,0.31740213,-0.10715591,0.15137991,-0.43656171,0.27568735,-0.64525529,-0.37127352,-0.06105173,-0.00023293,0.07119731,0.18075780,0.00000000,0.00000487,-0.46657520,0.33703867,0.23016265,-0.23541997,-0.10835148
0.09529496,0.06037643,-0.00000000,-0.01485489,0.17443842,0.20776412,0.02580550,0.19173011,-0.19240987,-0.02649995,-0.00766609,-0.08128492,0.11270840,0.14142228,0.10592016,0.08481739,0.08358729,0.13390344,-0.01907117,0.16732041,0.10089913,0.03608079,0.02265704,0.00000000,-0.07170301,-0.05781629,0.11676245,0.03579355,0.17137137,-0.03764170,-0.00671282,0.19994699,-0.04599420,0.04581539,-0.02340956,-0.06138370,0.07458941,-0.00000000,0.19231972,0.09877722,-0.00673000,-0.01459210,-0.00000000,-0.00929554,-0.07984266,-0.01712015,0.07212839,-0.04952879,-0.02928386,0.11486346,0.12222974,0.07215072,0.12448585,-0.06226809,0.08040317,0.02673677,0.15213916,-0.00003825,-0.01827285,0.05988319,0.04303105,0.11551608,0.02120330,-0.02171013
-0.01921831,0.01513726,-0.00000000,-0.00449451,0.26399654,0.12767900,-0.07854811,-0.00134805,-0.42928800,-0.02471455,-0.00000000,0.00620800,-0.06723620,0.04380671,-0.11205390,0.10661608,-0.12075006,0.10757429,-0.04973124,-0.05533256,-0.15712537,0.07280863,-0.05022618,0.00000000,0.00045411,-0.06072343,0.16273075,-0.08456610,0.05913380,-0.02792441,0.06728020,0.20611421,0.08010761,0.11238381,0.27870560,-0.02709908,-0.00493603,-0.00000000,-0.12930172,-0.09878354,-0.00036450,-0.02282015,-0.00000000,-0.00744454,0.12575151,-0.15459733,0.09709023,-0.26442509,0.03426840,-0.00644216,0.11114741,-0.05704447,0.07230191,-0.20418372,-0.03938773,-0.05724609,0.11515923,-0.00016031,-0.00005538,-0.17825812,0.25367403,0.24797344,-0.19982915,0.01179302
0.15656969,-0.00207119,0.00000000,-0.00407192,0.02283174,0.17650941,0.19542327,-0.00664732,0.23168405,0.29648794,0.03366094,-0.02729566,-0.05261712,-0.05272906,0.07719633,-0.01671088,0.00888639,0.28015427,0.13972733,-0.18466627,0.21288654,-0.00537556,0.16879408,0.00000000,-0.12123032,-0.02573354,-0.12040592,0.07742994,0.01453718,0.14062460,-0.12970789,-0.21571331,-0.07237449,-0.10007016,-0.14528598,0.02984614,0.10250698,-0.00000000,0.24962906,-0.09049431,-0.00221329,0.00624404,-0.00000000,-0.01163935,0.25215096,0.01598195,-0.14613136,0.25912459,-0.02683116,-0.10211916,0.02859250,0.26986814,-0.02848457,0.09933473,0.03186877,0.07850151,-0.22122791,-0.00000000,-0.00387738,0.28546318,0.22816671,0.18696963,0.17140424,-0.31840033
0.07130205,-0.29174775,0.00000000,-0.00062231,-0.09194455,0.37850166,-0.26540849,-0.22120752,-0.11766282,-0.31156409,-0.00000301,-0.00000000,-0.27089683,0.22301204,-0.27042715,-0.10676511,0.21161914,0.15673639,0.43308378,-0.12719892,-0.45698442,-0.01341760,0.10163751,-0.00000000,-0.00006209,-0.01136263,0.32216981,0.26627185,-0.40681520,0.25954355,0.35026577,-0.07395127,0.08581039,0.03231077,-0.03052698,0.42012153,-0.32412132,-0.00000000,-0.32354201,0.12783516,0.00002717,0.01270033,0.00000000,0.00501385,0.16874270,0.24816880,0.29634111,-0.10609821,0.16667877,-0.03026838,0.41377481,-0.40924486,-0.16395352,0.20508061,-0.00137018,0.02753180,0.09536302,0.00000000,0.00000000,-0.30389429,0.36939039,0.37907246,-0.29288612,-0.10138198
-0.08001192,-0.18748018,-0.00000000,-0.00144426,0.30669495,-0.06014254,-0.12438670,0.05356711,-0.24510629,-0.07191842,0.00000000,0.07769877,-0.26891650,0.20870846,-0.32756640,-0.04599877,0.01912939,-0.22971834,0.17838671,0.16232836,-0.26664006,-0.01058802,-0.15239566,-0.00000000,-0.00269495,0.00101252,0.28573319,0.07614304,-0.30864640,0.33071592,0.23715024,0.01473233,0.15473606,0.12290422,0.26708897,0.16675399,-0.21956438,-0.00000000,-0.13817262,-0.21063102,0.00000184,-0.01740415,-0.00000000,-0.00948127,-0.20006903,0.07367660,0.04410274,-0.34558517,-0.10761906,-0.17826044,0.03018442,-0.17857243,0.05025910,-0.20736571,-0.09654574,0.06648125,0.27444433,0.00038606,-0.00031417,-0.14479425,-0.09092710,-0.00798625,-0.24969040,0.19894274
0.00000000,-0.00000000,-0.00000000,0.00000000,-0.00000000,0.00000000,-0.00000000,0.00000000,0.00000000,0.00000000,-0.00000000,0.00000000,-0.00000000,-0.00000000,-0.00000000,0.00000000,-0.00000000,-0.00000000,-0.00000000,-0.00000000,0.00000000,0.00000000,0.00000000,-0.00000000,0.00000000,0.00000000,0.00000000,0.00000000,0.00000000,0.00000000,0.00000000,-0.00000000,0.00000000,0.00000000,0.00000000,0.00000000,-0.00000000,-0.00000000,0.00000000,0.00000000,0.00000000,-0.00000000,0.00000000,0.00000000,-0.00000000,-0.00000000,0.00000000,-0.00000000,0.00000000,-0.00000000,0.00000000,0.00000000,-0.00000000,-0.00000000,0.00000000,-0.00000000,-0.00000000,-0.00000000,0.00000000,-0.00000000,0.00000000,-0.00000000,-0.00000000,-0.00000000
0.04750771,0.05119030,0.00000000,-0.00003823,-0.30567371,-0.11707602,0.30959023,0.08138884,0.28142515,0.13960194,0.00252891,-0.00014673,0.27306448,0.04018981,0.35889970,0.15016003,-0.00928436,0.02111437,-0.02446726,-0.02810474,0.03428755,-0.07505895,-0.04058253,0.00000000,-0.00046056,-0.01571675,-0.08450302,-0.26866234,0.03969339,-0.21309082,-0.16578796,-0.00333041,0.01263594,-0.28758565,-0.35856842,-0.21288789,0.37641312,-0.00000000,0.26147088,0.04672774,-0.00064284,0.00239183,-0.00000000,-0.01048607,-0.08610599,0.04768302,-0.27454979,0.22426725,-0.13866937,0.17140439,-0.17386575,0.20051836,0.08181474,-0.08250796,-0.00553689,-0.00891906,-0.24236141,-0.00000000,0.00030518,0.25079528,-0.12267694,-0.10604169,0.30842342,-0.12976176
0.24390484,-0.68712996,0.00000000,-0.00009706,0.29664891,0.44052013,-0.48385712,-0.47693863,-0.39439770,-0.57254924,0.00000118,-0.00006103,-0.62098696,0.57007137,-0.55314768,-0.20386820,-0.09819136,0.07136959,0.45200251,0.00155676,-0.74319174,-0.01587816,0.16536223,-0.00000000,-0.03721453,-0.01336871,0.39817117,0.53978501,-0.66291755,0.75534202,0.72798694,-0.20287619,0.20802793,0.04047337,0.38701207,0.59941674,-0.74521774,0.00000000,-0.53659018,0.24832006,0.00000000,0.02471686,0.00000000,0.00382209,0.17101317,0.23369743,0.66950710,-0.46517421,0.24778813,-0.26336449,0.49372639,-0.58216552,-0.29363138,0.23421516,-0.00684164,0.00548835,0.17299039,-0.00000000,-0.00000000,-0.68057062,0.47239618,0.46626163,-0.62782865,0.30471884
0.36237836,0.30630713,0.00000000,0.00030824,-0.21451708,-0.14465541,0.39965146,0.06897944,0.40146855,0.06715351,-0.00113067,-0.00000000,0.22886448,-0.07983186,0.01018357,0.35182563,0.24945922,0.06571239,-0.07133066,-0.26127331,0.01699723,-0.00000637,0.06913503,-0.00000000,0.00182449,-0.02202680,-0.25616303,0.10779894,0.38665916,-0.25851975,-0.05797271,-0.30497081,-0.36237066,-0.25921756,-0.26837062,-0.08356333,0.22007627,0.00000000,0.39425810,0.01046088,-0.00022817,0.01491994,0.00000000,-0.00193886,0.33874846,-0.01383649,-0.13519261,0.47337880,0.36953784,0.07433449,-0.15938859,0.26998172,-0.11288670,0.13001132,-0.00758977,0.06473785,-0.32702004,-0.00000000,0.00000079,0.25819660,-0.10479686,-0.18947006,0.03625561,-0.08508773
0.00005268,0.00000044,-0.00000000,0.00000000,0.00232424,-0.00000000,0.00000000,0.00000000,-0.00000000,-0.00000000,-0.00000000,-0.00026591,-0.00001969,-0.00013461,0.00000001,-0.00000000,-0.00000000,0.00000000,-0.00000007,0.00000001,-0.00000000,0.00000000,0.00005258,0.00000000,0.00000000,-0.00000000,-0.00000003,-0.00000027,0.00000000,-0.00000000,0.00000000,0.00000166,-0.00000000,0.00000457,-0.00000002,-0.00000000,0.00000000,0.00000000,0.00000114,0.00006588,-0.00000000,0.00000000,0.00000000,-0.00000000,0.00000000,0.00000000,0.00000000,0.00000000,0.00000009,-0.00000008,-0.00000000,-0.00000000,0.00000000,0.00440596,0.00000000,0.00000000,-0.00000000,0.00000000,-0.00000000,-0.00000001,0.00000000,0.00017290,-0.00000000,-0.00000000
0.30631851,-0.01837243,0.00000000,-0.00047317,-0.04314580,0.12226473,0.04008767,-0.21164039,0.25180810,0.02103496,-0.00706795,0.04609300,-0.18947488,-0.11069538,0.04056945,-0.01878632,0.22413848,0.02431035,-0.05319914,-0.14895857,-0.19888767,0.03277656,0.13646041,0.00000000,0.06714734,-0.02386573,0.12515016,0.17140418,0.08337182,0.21019189,0.09155018,-0.15654923,-0.08067969,-0.05778542,-0.09483437,0.07208804,-0.13593516,0.00000000,-0.11009162,0.15783894,-0.00037052,0.01833504,0.00000000,-0.00795329,0.11910015,0.18567098,-0.05753719,0.28086215,0.25417947,0.06174516,0.17054934,-0.02670821,-0.13733234,0.20611402,0.00147864,0.15106517,-0.03315717,0.00000000,-0.00181728,0.15054712,0.19274622,0.17381798,-0.10324735,-0.15701654
0.00000000,0.00000000,0.00000000,-0.00000000,0.00000000,-0.00000000,-0.00000000,-0.00000000,-0.00000000,-0.00000000,0.00000000,0.00000000,-0.00000000,-0.00000000,0.00000000,-0.00000000,-0.00000000,0.00000000,0.00000000,0.00000000,0.00000000,-0.00000000,-0.00000000,-0.00000000,0.00000000,0.00000000,0.00000000,0.00000000,-0.00000000,-0.00000000,-0.00000000,-0.00000000,-0.00000000,0.00000000,0.00000000,-0.00000000,-0.00000000,0.00000000,0.00000000,-0.00000000,0.00000000,0.00000000,0.00000000,-0.00000000,0.00000000,-0.00000000,0.00000000,0.00000000,0.00000000,-0.00000000,0.00000000,0.00000000,-0.00000000,0.00000000,-0.00000000,0.00000000,-0.00000000,-0.00000000,-0.00000000,-0.00000000,-0.00000000,-0.00000000,0.00000000,-0.00000000
0.14355011,-0.13281157,0.00000000,-0.00803734,0.16479061,-0.09001219,0.17579174,0.00032927,-0.24642844,0.01037789,-0.02176500,0.03026560,0.03056296,0.01621437,-0.19659487,0.08462492,0.20120842,0.14046715,0.15148933,-0.06972628,0.15482681,-0.06707698,-0.14314090,-0.00000000,0.12305761,0.00616942,-0.06558955,-0.04034615,0.01408794,0.17818850,-0.05982921,0.16057071,-0.13735488,0.17317563,0.20960507,0.00536655,-0.06730218,0.00000000,0.06407604,0.08921608,-0.00432340,-0.01504726,0.00000000,-0.01647832,0.17935369,-0.05078104,0.09699926,-0.19294799,-0.08732426,-0.04198428,0.12694964,0.04554924,0.12223077,-0.03920356,0.03001602,0.10596290,-0.09102254,-0.00186292,-0.00786037,-0.01542212,0.02602918,0.11828927,-0.09364169,0.01639252
0.29497092,0.09229348,0.00000000,0.00032140,-0.10460270,-0.03054202,0.13873911,0.15293880,0.14483668,0.17211027,-0.00034523,-0.11178882,0.20230993,-0.20862224,0.15402858,-0.07769925,0.24903023,-0.01526826,0.00267637,-0.05375699,0.04638501,-0.02827230,0.03466013,0.00000000,-0.00078205,-0.03678090,-0.02105411,-0.11572436,0.24733421,-0.01426660,-0.09078235,-0.09194052,0.09966224,-0.38764951,-0.20163128,0.01022060,-0.01473382,-0.00000000,0.05123582,-0.02687736,0.00079024,0.01550880,-0.00000000,-0.01554652,0.20594051,0.16763401,-0.20700551,0.19124719,0.17618339,-0.13494484,-0.02131524,-0.08001769,0.01106507,0.10698274,0.06808400,-0.15427339,-0.02860216,-0.00020749,0.00025568,0.17498648,0.12768652,0.12049266,0.19583866,0.07035997
0.00000000,-0.00000000,0.00000000,-0.00000000,-0.00000000,-0.00000000,-0.00000000,-0.00000000,-0.00000000,-0.00000000,0.00000000,-0.00000000,-0.00000000,-0.00000000,-0.00000000,0.00000000,-0.00000000,0.00000000,-0.00000000,0.00000000,-0.00000000,-0.00000000,0.00000000,0.00000000,0.00000000,0.00000000,-0.00000000,0.00000000,0.00000000,-0.00000000,0.00000000,-0.00000000,0.00000000,0.00000000,0.00000000,-0.00000000,0.00000000,0.00000000,-0.00000000,0.00000000,-0.00000000,-0.00000000,0.00000000,0.00000000,-0.00000000,-0.00000000,0.00000000,0.00000000,-0.00000000,-0.00000000,0.00000000,0.00000000,-0.00000000,-0.00000000,0.00000000,-0.00000000,0.00000000,-0.00000000,0.00000000,-0.00000000,0.00000000,0.00000000,0.00000000,0.00000000
0.01348872,0.06519007,-0.00000000,-0.00027621,-0.11105988,0.17297802,0.38983117,0.12288102,0.15088007,0.13234518,0.00018149,-0.02174603,0.04476367,-0.28896657,0.12640194,0.16900355,0.12242898,0.19210470,0.10896955,-0.22040973,0.27961480,-0.07395299,-0.03512372,-0.00000000,-0.01150226,-0.01484640,-0.08079550,0.10308804,0.39116025,-0.12882035,-0.23272893,-0.17252575,-0.30658347,-0.32386636,-0.37701521,-0.10238902,0.04214716,0.00000000,0.30465401,0.12856243,-0.00014290,0.00274340,-0.00000000,-0.00558258,-0.00465918,0.15565880,-0.12521519,0.05855349,0.06446215,0.18997817,-0.13647404,0.33250410,-0.08687417,0.02686056,-0.01515706,0.02795901,-0.18639996,-0.00000000,0.00059186,0.32539880,0.00649849,-0.09515436,0.25329827,-0.35535171
-0.00000000,-0.00000000,0.00000000,-0.00000000,0.00000000,-0.00000000,-0.00000000,0.00000000,0.00000000,0.00000000,-0.00000000,-0.00000000,-0.00000000,0.00000000,-0.00000000,-0.00000000,-0.00000000,0.00000000,-0.00000000,-0.00000000,-0.00000000,0.00000000,-0.00000000,-0.00000000,0.00000000,-0.00000000,-0.00000000,0.00000000,-0.00000000,0.00000000,0.00000000,0.00000000,0.00000000,0.00000000,-0.00000000,-0.00000000,-0.00000000,0.00000000,0.00000000,0.00000000,0.00000000,0.00000000,-0.00000000,-0.00000000,0.00000000,0.00000000,-0.00000000,0.00000000,0.00000000,-0.00000000,0.00000000,0.00000000,0.00000000,0.00000000,-0.00000000,-0.00000000,-0.00000000,0.00000000,-0.00000000,0.00000000,-0.00000000,-0.00000000,0.00000000,0.00000000
0.00000000,-0.00000000,0.00000000,-0.00000000,0.00000000,0.00000000,-0.00000000,0.00000000,-0.00000000,-0.00000000,0.00000000,0.00000000,-0.00000000,-0.00000000,-0.00000000,-0.00000000,0.00000000,-0.00000000,0.00000000,-0.00000000,-0.00000000,-0.00000000,0.00000000,-0.00000000,-0.00000000,-0.00000000,-0.00000000,-0.00000000,0.00000000,-0.00000000,-0.00000000,-0.00000000,-0.00000000,-0.00000000,-0.00000000,-0.00000000,-0.00000000,-0.00000000,-0.00000000,-0.00000000,0.00000000,0.00000000,0.00000000,0.00000000,0.00000000,-0.00000000,0.00000000,-0.00000000,-0.00000000,-0.00000000,-0.00000000,0.00000000,0.00000000,-0.00000000,-0.00000000,0.00000000,0.00000000,0.00000000,0.00000000,0.00000000,-0.00000000,-0.00000000,0.00000000,-0.00000000
0.08408647,0.03461327,-0.00000000,-0.00023841,0.05728619,0.05378855,-0.02532996,-0.12344444,-0.46562668,-0.08525565,-0.00000000,0.08092383,-0.19863013,0.00741588,-0.38138005,-0.18656114,-0.07693717,-0.02856734,0.19657026,-0.09493508,-0.26811285,-0.05456970,0.18282193,0.00000000,0.00394231,-0.03937497,0.06853513,0.01098733,-0.11713703,0.30926779,0.27360065,0.08866752,-0.03733195,0.26872004,0.06068161,0.32894500,-0.36169870,0.00000000,-0.08211758,0.02663339,-0.00000000,-0.00530198,-0.00000000,-0.00139778,-0.00882567,0.25554189,0.21626819,-0.38329538,-0.05822433,0.01608587,0.00821757,-0.14339529,-0.06463246,0.26853549,-0.04151646,0.01459145,0.07498736,-0.00002153,0.00015356,-0.06326915,0.21563809,0.03821190,-0.36622039,0.03721653
0.13310193,-0.06321211,-0.00000000,-0.00970296,0.04447356,0.09488665,-0.01041032,0.08176618,0.08494141,0.20323367,-0.05673974,-0.11172612,-0.12128388,0.16025075,0.11578484,0.03419205,-0.10715912,-0.05334207,-0.05135389,0.07891909,-0.06290526,-0.14841670,0.08618833,-0.00000000,-0.02558441,-0.12408545,0.13655253,0.05022351,0.16233251,0.02413291,0.17508789,0.20001954,0.05283553,0.17416015,-0.04590354,-0.01882038,-0.13245548,0.00000000,0.11754369,0.09369139,-0.01118268,-0.00625713,0.00000000,-0.01881723,-0.10513761,0.13240532,-0.07994768,-0.07125198,0.10871577,0.00227585,-0.12236209,0.01132244,-0.02550642,0.16953326,-0.00955387,-0.10437026,0.07910388,-0.01037573,0.04408893,0.18477540,0.18676401,-0.02342675,-0.00829735,-0.00380125
0.19174799,0.08849112,-0.00000000,-0.00044997,-0.26648111,-0.00257604,-0.04154698,-0.13872628,-0.14080107,0.08583820,-0.00622916,-0.10623246,0.09136464,-0.17394594,0.05545059,0.04532867,0.17605654,0.29443505,-0.07147143,-0.17427211,0.14506513,0.00656950,0.03895711,0.00000000,0.03922003,0.04026466,-0.20073527,-0.01791903,0.01153590,-0.04883685,-0.06672174,-0.25699449,-0.24777039,-0.27333450,-0.01383052,-0.10349369,-0.08155429,0.00000000,0.26955880,0.21593362,0.00005820,0.00780865,-0.00000000,-0.00938670,0.05297134,0.16239991,0.05394859,0.12544132,0.24044045,0.13953456,-0.11546536,0.03195366,-0.20176017,0.27388344,-0.08515388,0.10962188,-0.19623139,-0.00000000,-0.02534262,0.03839221,0.29985884,-0.05828922,-0.00241999,-0.32329235
0.00000000,0.00000000,0.00000000,0.00000000,-0.00000000,0.00000000,0.00000000,-0.00000000,-0.00000000,-0.00000000,-0.00000000,-0.00000000,0.00000000,0.00000000,0.00000000,-0.00000000,0.00000000,0.00000000,0.00000000,-0.00000000,-0.00000000,-0.00000000,0.00000000,-0.00000000,-0.00000000,-0.00000000,-0.00000000,-0.00000000,0.00000000,-0.00000000,0.00000000,0.00000000,-0.00000000,0.00000000,-0.00000000,0.00000000,-0.00000000,-0.00000000,0.00000000,-0.00000000,0.00000000,-0.00000000,0.00000000,0.00000000,-0.00000000,-0.00000000,0.00000000,0.00000000,0.00000000,-0.00000000,0.00000000,0.00000000,-0.00000000,0.00000000,-0.00000000,-0.00000000,0.00000000,0.00000000,-0.00000000,-0.00000000,-0.00000000,-0.00000000,0.00000000,-0.00000000
-0.23805669,-0.23101054,-0.00000000,-0.00477895,0.33546267,-0.00872011,-0.03391129,-0.17278720,-0.18057525,-0.07763678,-0.00422906,-0.05810901,-0.15774623,0.26363422,-0.21326240,-0.02385526,0.18950571,0.10612364,0.24294035,0.25541083,-0.05283582,0.04034207,-0.15350364,0.00000000,0.07623206,-0.02323220,0.16714241,0.16896521,-0.13702679,0.21044318,0.09505564,-0.00591369,0.05313592,0.15739675,0.28089864,0.08636112,-0.15626859,-0.00000000,0.00782738,-0.05064150,-0.00358202,-0.01011278,-0.00000000,-0.00638687,-0.08511029,0.06583703,0.23194825,-0.26079977,-0.08998679,0.06845164,0.19044905,-0.03547934,0.08050644,0.05444590,0.05585808,0.13679876,0.04029513,0.00002104,-0.00495311,-0.21599267,0.04159570,-0.02264582,-0.22123554,-0.01027946
-0.35574626,0.09914176,0.00000000,-0.00530443,-0.00168034,-0.26932726,-0.10838004,0.23030306,0.20714992,0.15660376,-0.00000000,-0.09341964,0.03685013,-0.04996713,0.21174118,-0.20574714,-0.05744484,-0.17723068,-0.19626461,0.40719368,0.18451664,0.07028830,-0.18255765,0.00000000,0.00689394,0.01997218,-0.01301626,-0.14698027,0.05301189,-0.09442988,0.10643837,0.44015598,0.05418777,0.11754063,0.14551077,0.12449018,0.14450685,-0.00000000,-0.01732354,-0.37558051,-0.00076077,-0.03224183,-0.00000000,-0.00663774,-0.34158406,-0.28308257,0.01551021,-0.08253402,-0.26677456,0.20612123,0.18245774,0.13895261,0.37748331,-0.26806626,-0.06635816,-0.00991834,0.29022744,0.00016593,-0.00007058,-0.06217328,-0.10881943,-0.09495239,0.25179183,0.09409879
0.16092521,-0.08867315,0.00000000,-0.00000000,0.17688614,0.07087945,-0.09707966,-0.13921374,-0.19003834,0.00224566,0.00503966,-0.11751939,-0.15105669,-0.10391084,-0.01900925,0.17733552,0.09430604,-0.05236380,0.24625410,0.06454126,-0.11878646,0.08320623,0.29324898,0.00000000,0.00770567,-0.01292080,0.07340135,0.17391736,-0.14309351,-0.00699921,0.03838091,-0.13934277,-0.05432538,0.06796442,0.08003512,0.07205591,-0.18492637,-0.00000000,-0.02060545,0.29749197,-0.00011222,0.15457681,0.00000000,0.00010882,0.19796619,0.33768730,0.19548113,-0.29632380,0.04783695,-0.03328428,0.07476946,-0.21143712,0.00578122,0.21819415,-0.01010883,-0.07610229,-0.14370617,0.00000000,-0.00298351,0.10044179,0.26224499,0.29932008,-0.17327355,-0.15883223
-0.17731020,0.19034820,-0.00000000,-0.00055076,0.11675521,-0.37730474,0.10483688,0.38815636,0.02582108,0.22465636,-0.00000000,0.11565982,0.39394697,-0.14051630,0.37299582,-0.04794158,0.02623636,-0.10565951,-0.06298126,0.12597209,0.17605203,-0.00745801,-0.34790443,-0.00000000,-0.00920930,0.00224573,0.13458269,-0.18772026,0.23569898,-0.21350000,-0.14077541,0.32156939,-0.08138576,0.22522606,-0.05878428,0.04596727,0.07090890,-0.00000000,-0.06873760,-0.46311678,-0.00082286,-0.15488186,0.00000000,-0.00359757,-0.47700473,-0.23277917,-0.07080880,-0.11060137,-0.33663251,0.13365175,-0.10064218,0.00876674,0.42231027,-0.31395042,-0.00619364,0.01221362,0.19488346,-0.00009616,-0.00000000,0.04595681,-0.35405508,-0.36975903,0.11725926,-0.09244312
0.88319986,-0.05861710,-0.00000000,-0.00000000,-0.65186029,0.44586683,0.70991094,-0.29548160,-0.10819733,0.18389981,0.00017237,-0.00000000,0.03427465,-0.57390109,-0.10473766,0.76802823,0.90295361,0.77573179,0.31125585,-0.80817893,-0.26216841,-0.00051172,0.40950653,0.00000000,-0.00118303,-0.00000072,-0.19119249,0.32915555,-0.02978689,0.16229480,0.03728786,-0.63353196,-0.81544024,-0.88875939,-0.84924754,-0.13231782,0.06431520,0.00000000,0.34882383,0.49255601,0.00000245,0.25888431,-0.00000000,0.00257325,0.75327534,0.67122045,-0.33275053,0.01905782,0.83210271,-0.20743791,-0.35109205,-0.10188794,-0.51647978,0.57321957,-0.00000305,-0.21873824,-0.95470233,-0.00000000,-0.00000000,0.26524470,0.33639209,0.37119423,-0.11050953,-0.17378962
0.10092737,0.18433012,-0.00000000,-0.00229641,0.11988340,-0.03953911,-0.05079083,-0.12434096,0.02402067,0.21492928,-0.01465598,0.03327040,0.08533095,0.15720190,0.05213059,0.20291291,0.02609912,0.00874785,0.03305910,-0.04014735,-0.15378635,0.05687631,0.08556880,-0.00000000,-0.05270382,-0.01892965,-0.04090394,-0.15107328,0.06374633,-0.11614513,-0.11074431,0.10301836,-0.22988276,0.16245810,0.00092886,0.18858779,-0.13462340,-0.00000000,0.00891332,0.13403828,-0.00310885,0.01059531,0.00000000,-0.02241591,-0.15271802,-0.02685394,0.04933054,-0.16668202,-0.07184236,-0.15685985,0.05177347,0.12238723,0.01552548,-0.03322572,-0.11774267,-0.10135282,-0.11031255,-0.00043474,-0.00130114,0.20642582,-0.09164713,0.03355516,0.02701487,-0.06412878
